tag_list,context_list
"['博物館', '園區', '親子']","今天我們在古亭吃午餐，所以決定到附近晃晃，晃來又晃去，我門來到了好久沒來的公館，從外頭看進去的自來水園區，好像滿不錯的餒，聽售票員說，這裡算是臺北花卉展的一部分，雖然這次臺北花卉展的重點在青年公園，不過回憶起小時候有來這裡面玩過，不過時間久遠，長大後都漸漸遺忘當初，所以我們決定前往裏頭回憶一下童年嘻嘻。雖然聖誕節已過，不過這裡的聖誕節氣氛都還在呢。好喜歡圓滾滾的小樹呦，整個就看起來好可愛，好逗趣。這裡就是「臺北自來水園區」的出入口了，今天我們是從右邊的小門進出，不知道中間的大門會不會打開，還是只是做為裝飾用的呢？可能假日人潮多就會打開了吧。而這一棟有三層樓的房子，樓上應該是它們的辦公大樓，園區外面的一樓是售票亭與服務處，園區裡的一樓有餐飲部與咖啡吧，雖然只是一棟很普通的房子，不過因為每扇窗的上方都有一排綠草堆，還有大大的黃花散而不亂的黏在綠草上，看起來便非常的賞心悅目，而且挺美麗的呢。售票口，購票後可以拿取DM唷，比較清楚遊園方向。售票口的小叮嚀；※開放時間：夏日期間(七月至八月)上午9點至晚上8點，售票至7點。※開放時間：非夏日期間(九月至六月)上午9點至晚上6點，售票至5點。※每週一休園，適逢連續假日則照常營業。※夏日期間：全票80元，優待60元，博愛與校外教學40元。※非夏日期間：全票與優待票50元，博愛與校外教學25元。※詳細的參觀票價請點選官網。售票口的小叮嚀；※室內及室外皆禁止吸菸。※里民開放免費晨運時間為上午五點至九點，並請於九點前離開。※園區嚴禁煙火、攜帶寵物、危險物品。※設有「遊客止步」之標示，請勿進入以確保安全。※未經申請不得於本園區拍攝公開發行之影片暨圖片等媒體。※為維護遊客安全，打雷閃電時，戲水區暫停使用。※提供假日期間每日三場導覽服務，場次與時間於下方；※第一場；10:30博物館導覽※第二場；13:30生態導覽※第三場；15:30博物館導覽※歡迎遊客於指定時間至博物館前自由參加，如有特殊服務需求，請洽服務人員。買完票囉，售票人員真熱心，還跟我們介紹園區的大概內容，以及最近的活動，像最近就有臺北花卉展，雖然不是重點地區，不過也是有一些區塊在裡面，也是很值得去裡面欣賞的；走到大門口前，把入場券給門口的的警衛就可以了。若要離開園區內，但還想再入園，請蓋再次入園章唷！這是入園票，把一小塊撕掉後，可以將票券帶回家作紀念唷。進來園區後，回頭拍一張入口的照片，天氣真好餒。這是進來時的警衛室，進來後被面就是廁所了。廁所雖然沒有什麼特色或是特別裝飾等等，不過很乾淨，算不錯了。真的好喜歡這棟房子唷，有這些綠草與大黃花的加持就好漂亮餒。房子旁邊有一隻噴水龍，大約每幾分鐘會噴一次水霧，妞比在和噴水龍宣戰唷。聖誕古龍；爬滿著薔薇的古堡，靜靜的佇立在碧綠的草地上，嘴裡吐著菸的巨獸，揮舞著巨大的翅膀，拖著巨木般的尾巴，向入侵者發出震耳的怒吼，捍衛著森林古堡，英勇的王子，拔出長劍，擊退巨獸，解救被魔法拘禁的美人。噴水霧囉，噴個約十秒內就停止哩，這樣才不會浪費水麻嘻嘻。噴水龍屁屁後的花叢堆，好多七彩花朵呢！園區中有許多類似這個的花草小汽車，每個眼睛與表情都不一樣唷。再往頭繼續走，會看到這個花鐘？很適合拍照的地方唷！真誠的心，純淨的水，臺北自來水事業處。在這LOGO的旁邊，有一個很美麗的小水池，水池中間有石階，可以走到對面的休息區去，不過要看清楚唷，因為它沒有突起的水池設計，所以可能走的太順，一不注意就走到水裡去了，像我顧著拍照，就踩到水裡了，幸好鞋子沒溼。這設計挺美麗的，有種高貴典雅的感覺，真不錯。我想小孩子可能會想在這裡玩水吧，然後家長在旁邊休息。臺北好水LOVE，好像一艘船呢，好棒的設計。花草小車車二號，換了眼睛與表情。現在我們看到的是園區中最有特色的歐式建築，這棟古色古香的歐式建築，是前台北水道的唧筒室，整修後被列為三級古蹟，且成為自來水博物館。1977年，唧筒室完成「抽取原水、輸送淨水」之使命，功成身退；自1908創建迄今己有九十餘年的歷史，八十二年六月被內政部列為三級古蹟，同年九月二十七日第一次對外開放二週供民眾參觀；後經臺北市政府民政局會勘，認為年久失修且多處漏水，經構堪慮應予整修；因此，民政局於八十六年度編列預算二佰萬，供作本古績之調查研究報告經費，並委請中國工商專科學校完成「臺北市三級古蹟水源地唧筒室之調查研究」報告。引用於官方網站臺北自來水事業處依據該報告於八十七年五月斥資捌仟餘萬元修護，恢復唧筒室之原貌，並多方蒐集有關自來水歷史的照片及器材，充實整體內容與相關周邊設備，完成全國首座自來水博物館。引用於官方網站新店溪流域全區以公館為頂點，呈直角三角形狀，全長84.6公里，流域面積916平方公里，為淡水河系三大支流中流量最大者，於臺北盆地臺北市郊區江子翠附近注入主流；新店溪早期為經濟運輸動脈，上游的經濟作物茶、米、樟腦、木材，便沿著河運輸至下游的交換中心如艋舺、大稻埕等地，現其上游水流是翡翠水庫供水來源。引用於官方網站別小看它，以為它是裝飾物或是很有設計的花盆而已，其實它是排氣孔，抽水機運轉時，室內會產生高溫，利用對流原理經排氣通道，將室內之熱空氣由此孔排出。有人在拍婚紗耶，這麼美麗的地方實在非常適合拍照呢。接下來我們進來自來水博物館參觀吧，一進來便是「影像媒體放映室」，有播放著歷史沿革以及一些現代與從前的事情，在這裡可以學到許多知識，我們在這看了有三十分鐘哈哈。然後是「清水抽水機展示區」，抽水機組設備；1908年，民前四年，設有原水與清水抽水機各四部及附屬設備；惜因文獻資料不足，原始機組型號無法確認；1922年，民國十一年，增加一座清水抽水機；1940年前後更新機組；1950年更新五部機組；1960年再度汰換一部清水抽水機形成今日之現況。引用於官方網站其取水流程係利用原水抽水機抽取新店溪原水，送至觀音山麓慢濾場進行淨水處理，再由清水抽水機將處理過之淨水，抽送至觀音山上之蓄水池，藉重力自然流方式輸送至市區供用戶用水。抽水機組附屬設備，計有開關、啟動器，抽水泵浦、配電控制盤、變壓器及高低壓配電盤等。引用於官方網站階梯下來是「原水抽水機區」抽水機組設備；1908年，民前四年，設有原水與清水抽水機各四部及附屬設備；惜因文獻資料不足，原始機組型號無法確認；1922年（民國十一年）增加一座清水抽水機；1940年前後更新機組；1950年更新五部機組；1960年再度汰換一部清水抽水機形成今日之現況。引用於官方網站排氣通道；由於地形關係，唧筒室之三面屬於地下室高程，因抽水機運轉時會產生高溫，為降低室內溫度，利用對流原理將高溫空氣經排氣通道，由設置於地面上之排氣孔排出。引用於官方網站高壓電源配電用配電盤；開放式大理石面板之配電盤，日本藝普製作所製造，具有堅固及絕緣性佳等特性，面板上設有油斷路器、電壓及電流表等，為國內少見之大理石配電盤。引用於官方網站接下來我們繼續往下走，會看到一個空地，這裡有一些以花草製程的藝術品，應該就是台北花卉展的一部分了吧，雖然真的非常小一塊，不過也滿可愛的啦。沒睡醒的毛毛蟲頭？旁邊還有白雪公主電影裡的七小矮人，還滿可愛的，我想應該有很多小孩喜歡鑽毛毛蟲的嘴吧。有些小矮人坐在花車上，這裡的設計其實滿不錯的，我想我應該去台北花卉展真正的主辦場地去看看。這是一旁的休息區，還有飲料販賣機，野餐好地方呢。輸配水器材展示區；在這裡不只可以玩樂，也是個增加新知識的好地方。一開始要先穿過很多又圓又大藍色管子。便能看見左右兩側有很多的展示。咱們繼續往下走，便可以看到這些白色的框框，又出現了一些器材。反沖洗砂水池；民國六十四年興建完成，有效容量三百立方公尺，由於水池位置高程較過濾池為高，利用其重力式水流，反沖洗快濾池層表面積留存之微細懸浮雜質，清洗後過濾池可繼續作使用。引用於官方網站抬頭看可以看到個風車，不知道他是否也是反沖洗砂水池的一部分？繼續往下走便能看到這個小草屋，不過應該只是裝飾，不能進去吧。屋子前方有可愛的小兔子，這隻兔子好像到處都看的到呢。轉個彎之後，就可以看到孩子們的最愛囉，兒童遊樂區耶，還有盪鞦韆，我的最愛，而且高度也挺剛好的，連我都可以玩的高度，真讚。很多東西都是用彩色輪胎製程，若撞到了，也較不會受傷，硬硬的地板用沙來代替，若是跌倒了也可以解少摩擦破皮。一旁邊是管材雕塑區；本鋼管口徑兩千厘米，厚度為十八厘米，設計抗拉力每平方厘米四十一公斤，埋設於台中縣豐原給水場加壓站地下輸水幹管，一九九九年九月二十一日，大地震時，整支鋼管遭強力扯裂，倒刺如此嚴重變形與扭曲，足見當時地震威力之強大與大自然力量之可畏。引用於官方網站旁邊還有一個專們的玩沙區，不用在兒童遊樂區人擠人。這裡應該也算在管材雕塑區內，這些應該是楓葉吧，橘橘紅紅的。接下來可能要走一小段的上坡才看的到的，上來之後就會看到這個很大很大的東西，原來它是消壓塔，還以為裡面是儲水的呢。轉過來後便能看到這些字「自來水園區」。再繼續繞就能看見「公館水岸」。在這裡的視野其實很棒呢，雖然沒有說很高很高，可以也能眺望風景與都市的樣貌，其實也是很舒服，且很棒的，而且這裡有許多木椅，我想這裡也是個不錯的登山地區，然後累了可以走來這裡看風景、休息，難怪門口會貼晨運的公告，在都市裡還有這麼一個地方，實在是非常的棒呢，有山有花有綠地，誰不來呢。臺北自來水園區電話：(02)8369-5145地址：臺北市思源街一號開放時間：夏日期間(七月至八月)上午9點至晚上8點，售票至7點。開放時間：非夏日期間(九月至六月)上午9點至晚上6點，售票至5點。每週一休園，適逢連續假日則照常營業。官方網站：點我－－－－－－－－－－－－－－－－－－－我是分隔線－－－－－－－－－－－－－－－－－位於新店溪與思源街旁的臺北自來水發源地--臺北水源地唧筒室，其主體建築於1908年，迄今已有近百年歷史。其建築最大特色是採新古典主義為主軸的巴洛克式建築風格，內部的陳設更具有歷史意義，每一部機組設備皆代表自來水的演進歷程，蘊含著豐富人文價值。自來水博物館於2000年正式開放參觀，因其特殊歐式建築外觀，歷史及教育上之重要意義，現已成為市政、教學團體參觀、宣傳廣告與新人拍攝婚紗最受歡迎的景點之一。西元1885年（民前二十七年），清代首任巡撫劉銘傳，力行新政且重視飲水衛生，於臺北北門街(今衡陽路）、石坊街（今博愛路）、西門街等處，開鑿深井供水，此為臺北公共給水之開始。日人據臺之初，以劉氏的建設為基礎，展開自來水設施之規劃。1896年（民前十六年）八月，臺灣總督府特別聘請英國人威廉巴爾頓（WilliamK.Burton）且派遣總督府技師濱野彌四郎協助，進行全臺衛生工程及臺北自來水建設之調查工作。1907年，依巴爾頓先生之建議，在公館觀音山腳下新店溪畔建取水口，以引取原水；在觀音山麓設淨水場，進行淨水處理，再將處理過之清水，以抽水機抽送至觀音山上之配水池，藉由重力方式自然流下，供應住戶日常用水。1908年取水口、唧筒室建築與設備裝置先行完成，1909年輸配水管、淨水場及配水池全面完工，淨水場開始供水，出水量20,000噸，用水人口十二萬人，並命名為臺北水源地慢濾場，從此臺北自來水開始邁入現代化之供水系統。1951年（民國四十年）初，臺北市政府成立「臺北市自來水水源擴建工程推行委員會」，由市長吳三連任主任委員。同年四月成立擴建工務所，聘請省建設廳技正范純一主持設計施工。設施包括混凝池一座、沉澱池二座及快濾池四座，容量為每日出水量20,000噸，全部工程於次年二月底順利完成。1974年（民國六十三年）進行臺北區自來水第三期擴建工程，為配合臺北水源地慢濾場之拆除工作，於沉澱池增設傾斜管，以加速膠凝沉澱效果，快濾池改換為石榴石濾材，增加出水量為每日50,000噸。臺北水源之母－新店溪流域全區以公館為頂點，呈直角三角形狀，全長84.6公里，流域面積916平方公里，為淡水河系三大支流中流量最大者，於臺北盆地臺北市郊區江子翠附近注入主流。新店溪早期為經濟運輸動脈，上游的經濟作物茶、米、樟腦、木材，便沿著河運輸至下游的交換中心如艋舺、大稻埕等地，現其上游水流是翡翠水庫供水來源。溪流短促，然幽美天然景色具備發展觀光事業之良好條件，例如烏來、碧潭等。新店溪平原狹小，農業發展受地形限制，惟若干寬廣的河階地，如屈尺、直潭、灣潭等地仍具農業開發價值。因其臨近臺北郊區，應發展小規模企業化園藝業，如花果、蔬菜等以供應臺北市日常消費之需，以提高其土地利用價值。==================================2009親水節購票窗口博物館的配置圖週邊介紹都很詳細...水故事介紹這裡也有完善的自行車道喔.下一次來挑戰一下!這裡有觀光導覽指標自來水園區.也有自行車道這是自來水的吉祥物....水悟空水資源教育館自行車道.旁邊就是游泳池了這是建立在都市林中的一塊玩水天堂一人一個洞拍一張吧進入大門左手邊就是餐飲部了此園區採用太陽能及風力發電喔...很環保吧!四處都有指標,,開始出發吧這是自來水LOGO水博物館很大喔.也很有巴落克建築風格看起來沒什麼力噴水池博物館景館內的陳列皆是在教育大家自來水的設計與古物保存!回憶小丁噹的大水管了嗎??上山第一件事...小心蛇喔!涼亭目標100公尺..大家衝吧!終於到涼亭了...但是蚊子好多喔!這個是什麼東西呢???原來是水源保護區下個目標:觀音山蓄水池這可是相當重要的設施終於到了我們玩起了大富翁的遊戲!很好玩大家都很開心這水管變形太嚴重了吧!是什麼造成的原來是九二一大地震造成的!大自然的反撲真是恐怖丫!舒跑小姐第一名喔!這裡要拍一張喔!這裡是消壓塔丫...飲水思源頭..可以看好風景喔!超美的觀景台!＝＝＝＝＝＝＝＝＝＝＝＝＝＝＝＝＝＝巴菲慶感言：這次出遊雖然遇上了下雨，但是大家都很開心。大家找到了童心。也看到了很多好風景！希望有空再一起出來走走散散心！景點資訊營業時間：秋冬季節到來，園區水鄉庭園戲水池將自99.10.4（一）起停止開放夏日期間(每年7月1日至8月31日)自上午9點開放至晚上8點(售票至7點)；非夏日期間(9/1～隔年6/30)自上午9點開放至晚上6點(售票至5點)；每週一休園、週一適逢連續假日則照常營業。"
"['公園', '歷史']",今天早上搭火車到萬華車站，出站之後，越過艋舺大道就沿著萬大路一直走、一直走...走到底，就到了華中一疏散門(新三號疏散門)，門拱上有黃○洲題字「華中河濱公園」，進入之後，指標右往雁鴨公園、左往馬場町紀念公園。先取右，到雁鴨公園瞧瞧，只見到茵茵綠草皮自行車道，這季節還沒有雁鴨蹤影，此處有棵茄苳樹，樹齡約117歲，據解說石碑載樹址所在原為「下庄仔」聚居處，民國52年配合大台北地區防洪計畫遷村，此處闢建為河濱公園之後，老茄苳樹保留於原址，以資紀念。大清早公園內的自行車道上椅有許多熱愛單車人士，忽然看見一位老兄身手了得，竟然也能「躺」著騎！我沒騎單車，沿著步道往馬場町公園方向，經過一處小廣場，設有十二生肖石雕，青青草皮上也有許多白鷺鷥。通過華中橋下，草皮上有2隻雁鴨，仔細一看原來只是模型而已。從新店溪單車路線導覽圖上，可以很清楚了解華中河濱公園、馬場町公園、青年公園及中正河濱公園的相對位置，這四大公園都位在新店溪右岸，介於華中橋與中正橋之間。河濱公園的綠色草皮上，清晨的天空微亮霞光，遠處的101大樓自地面竄起，溪旁的自行車道涼風徐徐，寬大的自行車道上，熱愛單車運動人士往來穿梭。如果想挑戰體力的，順著車道的兩方，一方可至碧潭，另一方則可一路騎到關渡。對岸的高樓大廈櫛比鱗次，溪面寬闊，銀白如鏡，還有魚兒從水面飛出又鑽入，可惜眼睛看得到，鏡頭很難拍到。茵茵綠草旁的自行車道順著河岸一路沿伸而去，極其壯闊無盡。草皮上也有多種不同鳥類棲息覓食，抬頭看一下指標，距離馬場町紀念公園剩下0.5K。樹下的草地上可是很熱鬧的，定睛一看，竟有1-20隻犬聚集，不知牠們正在商討甚麼大事呢？！續走筆直自行車道，兩旁遍植榕樹，鳥叫蟬鳴，不絕於耳，已經來到馬場町公園了，馬場町的清晨，有股清新的美。河岸邊長長的階梯，視野寬闊，雲間透出的陽光灑落新店溪，只見河面閃亮著一片銀光，煞是美麗。馬場町公園內，歷經風災之後，整片的向日葵花田依舊在，雖然有點東倒西歪，花容失色，但是，向日葵花充滿堅毅不拔的個性，依舊挺起身子，努力的開出燦爛的黃花。親愛的市民朋友~~從7月起到8月中旬，向日葵花都會在這裡等妳來看她，只希望颱風別來亂。馬場町紀念公園，過去有段悲情的歷史，公園內聳立著一塚土丘，土丘前的碑文寫著：「一九五Ｏ年代為追求社會正義及政治改革之熱血志士，在戒嚴時期被逮捕，並在這馬場町土丘附近槍決死亡。現為追思死者並紀念這歷史事蹟，特為保存馬場町刑場土丘，追悼千萬個在臺灣犧牲的英魂，並供後來者憑弔及瞻仰。」過馬場町公園之後再往前，經中正河濱公園，此處設有籃球、網球場。沿著堤防階梯爬上來，回望中正河濱公園與店溪，續走出紹安街搭客運至古亭，搭捷運站再轉乘火車，計畫下個目標去平溪區嶺腳靈巖寺探訪艷紅鹿子百合。日期：102.7.19天氣：陰石多雲地點：華中河濱公園、馬場町公園、青年公園及中正河濱公園
"['自然', '拍照']",拍完了台電輸變電工程處那棵加羅林魚木後，打算要回家，一個人就慢慢的往捷運方向走...走到溫洲街74巷時，忽然間~覺得...神之右眼又瞄到了東西，心想...不會吧~~難道是...當月走到目標地時一看，果然沒看錯，竟然意外的發現了另一棵加羅林魚木，讓月開心到說不出話來，雖然當天風大，不太好拍，但~這意外的驚喜讓月拍的好開心，這棵加羅林魚木雖然比台電那棵小很多，高度也較親民一些，只是覺得很奇怪，記得去年來這時，明明走的是同一條路，為什麼就沒看到有這棵樹?邊聞著濃濃的咖啡香，帶著疑惑的心情，拍完了這隱身在小小巷弄間的加羅林魚木，離開了這裡，希望~有機會能再訪，回家上網花了不少時搜尋，發現竟然完全沒有人分享這裡，讓月成為了第一個分享溫洲街74巷加羅林魚木的人，很高興~這天又挖到了一個秘境攝於2015年4月20日台北市溫洲街74巷8號
"['步道', '親子']",因為受到天鵝颱風外圍環流的影響，天氣不穩定，再加上前陣子蘇迪勒颱風破壞，打亂了一些既定的登山行程，今天從捷運象山站下車，繼北星寶宮步道之後，續走南港山縱走親山步道。完整的南港山縱走親山步道路線是包括從松山靈雲宮起登，經過拇指山、南港山、九五峰再下南港中華科技學院。其中最陡峭難爬的是從象山往拇指山的階梯，漫長而陡峭階梯讓人爬起來汗流浹背大粒小粒汗不止。途中山腰處有觀景平台，大部份的遊客都會在這休息賞景，俯瞰山下首都城鎮風光，見平台上人滿為患，我獨自往拇指山而去。主線步道叉路從拇指園上來，四周花木扶疏儼然小公園，再從石階登上拇指山。循巨岩石壁鑿階登上拇指山頗有成就感，拇指山海拔319.8公尺無基石，在岩頂上眺望正前方信義區101大樓，遠方的林口台地、觀音山、淡水河出海口等地..皆能一覽無遺，讓人有一種莫名的快感！從拇指山的岩頂循原路下來，續往前經過拇指山陡峭岩壁下，供奉諸神尊，石壁上有玉皇上帝、無極瑤池金母、九天玄女...等大理石刻字。離開拇指山後，陡峭花崗石階爬往九五峰，途中有處觀景台，也有親子來爬山，二個小朋友天真無邪，躍上石椅，非要比大人看得更遠大不可！南港山縱走步道途經南港山，海拔375公尺，有編號695號三等三角點基石，再走3分鐘就到了九五峰。九五峰海拔375.8公尺，山頂巨石有「九五峰」紅字，小朋友?小無猜坐在大石上滑手機，一付渾然忘我的樣子，一旁的長輩催促他們趕快下來有人要拍照，我倒覺得這一幕很可愛呢。經過編號11號南港山縱走親山步道打印亭後，步道轉為下坡，此時天空開始飄起雨來，許多山友也趕著下山，頓時步道上人滿為患，遇叉路轉從山神廟下來，寬大石階陡下，微風細雨中步出慈惠堂登山口，續步行往捷運後山埤站搭車結束今日行程。104.8.16
"['博物館', '園區', '親子', '展覽', '農場']",臺北市客家文化主題公園「客家文化主題公園」位於臺北市汀州路與師大路口，搭乘捷運在台電大樓往5號出口，就可以到主題公園了，一進入園區入口；會看見客家音樂戲劇中心與客家文化中心兩棟明顯建築，前身是臺北市兒童交通博物館的「客家文化主題公園」，是以「人文、生態、教育、科技、產業、農家樂」等主題規劃，打造客庄文化與親水休閒的市民公園。對這個客家文化主題公園；個人已前往2次，有著深刻的印象，每層樓均有生動與完整的展覽，「客家文化中心」裡面可以體驗客家風俗民情，甚至有兒童客語教學推廣與座談會等，來一趟園區會對客家的歷史、文物、客庄節慶有初步瞭解與認識。在「客家音樂戲劇中心」則是提供了客家歌舞戲劇或者藝文活動等展演，還有介紹客家人在遷徙的過程中，把民間的各種地方性音樂融合，變成獨特的曲調，例如大家熟知的山歌與小調。大廳中展覽了許多當時知名或代表人物。踏出中心走進戶外園區，首先會看到敬字亭（客家人敬惜字紙的精神象徵）。伯公亭（客家人稱守護的土地神以「伯公」來表示尊敬）。伯公亭旁邊的銅像雕塑菸樓水車（早期台灣客家農村一種刻苦的灌溉用具，為可以不用電，不用油，提水成本低）生態溝渠（象徵節能環保，綠能造景的溝渠水資源區，強調循環再生利用）農村體驗區（有稻米與蔬菜水果種植，可以讓民眾接觸泥土、體驗農村生活）跨堤平台（結合人行步道及自行車道的設計，串連主題公園與河濱公園間的平台）各區各有其特色，園區並設有景觀橋、休閒步道，當然也提供學校生態體驗戶外教學喔。臺北市客家文化主題公園，目前展覽開放有一至三樓，聽園方說第四層樓還在規劃，到時有更完整的客家文化呈現！多元化的公園；除了彰顯客家精神外，也是一個新時尚的都會客家主題場所。臺北市客家文化主題公園營運單位：財團法人台北市客家文化基金會電話：02-2369-1198傳真：02-2369-7660地址：100臺北市中正區汀州路三段2號
"['景觀', '夜景']",搭乘紅32路圖書館公車，隨手翻閱11月出版的台北畫刊，介紹台北兩座河岸最美麗的橋樑，一座是基隆河上的彩虹橋，另一座是新店溪邊古亭跨堤平台，彩虹橋已走訪無數次，古亭跨堤平台沒走訪過，決定走訪一下囉。古亭跨堤平台位於台北市師大路，跨越水源快速道路及新店溪河堤上方，連接客家文化主題公園和古亭河濱公園，單斜拱鋼橋的設計，跨堤平台離地20米高，兩側連接總長五百二十公尺的自行車道與人行步道，站在平台上鳥瞰新店溪的宜人景致及台北市區景觀。自行車道及人行步道分道，可以很安心漫步。平台寬廣舒適，有椅子站累了就坐著賞景很貼心設計。桐花地景往河濱公園俯瞰古亭河濱公園，心型花圃很浪漫。專為水管輸送用打造的永福水管橋，亮麗耀眼紅色拱橋造型。平台上有一樓梯往下可快速通往河濱公園。平台可通往客家文化主題公園客家文化主題公園就在腳下夜幕低垂，拱橋燈光下很炫麗，愈夜愈美麗。水源快速道下班時刻車水馬龍捷運台電大樓站下車，由5號出口前往師大路方向前行至汀州路三段路口(約4分鐘)，穿越地下道，即可抵達。
"['園區', '親子']",台北市居然有免費滑草的地方，真是太神奇了!!福德坑垃圾掩埋場，以前是台北市堆放垃圾的地方，不過經過整理，已經在民國九十二年，復育完成，現在叫「福德坑環保復育園區」設有許多休閒設施，包括滑草場、自行車道、人行休閒步道等，適合全家大小一起放風的好地方。福德坑環保復育園區滑草場係免費使用，開放時間為例假日08：00至12：00及12：30至16：00，天雨停止開放。欲至福德坑復育園區體驗滑草可撥電話：(02)8230-1969洽詢，團體請先預約日期。如遇天雨期間，請先詢問園區值班人員場地是否暫停開放。福德坑環保復育園區地址：臺北市文山區木柵路5段151號（由木柵路5段43巷口至園區約1.6公里）電話：(02)8230-1969
"['步道', '自然']",拳山是文山的舊稱，清代統轄新店、石碇、木柵、景美、深坑，後因名字不雅而改成文山，拳山古道入口就在木柵路四段159巷。搭乘捷運，捷運木柵站出站，走到木柵路左轉。經過和平東路路口(舊路名軍功路)，左轉木柵路4段159巷，路過博嘉運動公園。經過坡內坑公園到達田寮土地公，取左進入小巷(巷口有此路不通告示)。從北二高底下穿過經過檳榔園接上崇德街，路燈編號61，至此里程約3.8公里(紅色箭頭為崇德街入口)。至此，離糶米古道、茶路古道、土地公嶺古道入口均不遠，朋友們可以選擇土地公嶺古道續行，到和平東路四段(軍功路)搭車，或續行糶米古道，到紫雲街搭藍5，詳情請參考http://www.tonyhuang39.com/tony0314.html。
"['廟宇', '景觀', '藝術', '歷史']",寶藏巖歷史聚落本址位於台北市中正區汀州路三段，臨福和橋以及自來水園區（公館淨水廠）之間，該歷史建築所引申的廣義地理名詞，則指依山而造的違建集合而成的小鄰里社區，得名於該地佛寺寶藏巖觀音亭。該歷史聚落雖然不大，總面積只有3.97公頃。但擁有傍水山坡之戰後違建眷村等等人文特殊景觀，1997年6月後，受到部分台灣學者及民眾的普遍注意。經過整建與媒體報導，2006年，《紐約時報》將該聚落納入台北最具特色的景點之一，與全世界第六高樓，台北101大樓齊名。2011年，由臺北市政府文化局公告登錄「寶藏巖聚落」為本市聚落。乃非正式營造過程所形成的聚落中，由榮民、城鄉移民與都市原住民等社會弱勢族群，於都市邊緣山坡地上自力造屋的代表，有歷史的特色。(資料來源:維基百科)從捷運公館站1號出口，往水源市場方向，依路標指示前往。走入汀州路三段230巷，經過停車場，沿彩繪圍牆走到底。寶藏巖到了，牆面有社區地圖。請步行進入聚落聚落入口是寶藏巖，1997/08/05公告指定「寶藏巖」為市定古蹟。地址：汀州路3段230巷23號寶藏巖創建於清康熙年間，為臺北最古老的佛寺之一，當時漢人初入墾臺北盆地，有部分僧人隨之進入盆地建寺弘法，此為重要歷史見證。寶藏巖主祭觀音佛祖，因靠山崖而建，故稱為巖，又稱為石壁潭寺、觀音亭。寺前的新店溪古時可通舟楫。歷經多次修建，目前所見雖多為晚近時期改建之物，但仍有些石柱、石垛、石雕、木雕與石碑仍為清代原物。嘉慶三年（1798）所立之「觀音亭碑」詳述建寺始末。特別是楹聯多為泉州安溪移民信眾之落款，為安溪人開拓公館及景美一帶之見證。(解說牌)經過寶藏巖往前走即可進入聚落目前聚落規劃為「寶藏家園」、「藝術家駐村」及「國際青?會所」三大主題區。寶藏家園原住戶22戶的信箱設置在聚落入口處，方便郵差送達；駐村藝術家型態也在看板上。因「藝術家駐村」，聚落也被稱寶藏巖國際藝術村。以藝術村的概念，做為寶藏巖未來的發展方向；以「共生」的概念，創造出生態、藝術、社區的寶藏巖共生聚落。原住戶散落在藝術村各處，所以進入「寶藏家園」請輕聲細語，勿打擾住戶安寧。每一住戶門口都有簡單介紹主人家第一個路口先右轉上去看看，指標很清楚。寶藏巖國際藝術村空間配置分為四種型態，以顏色區分，可循線探訪。郵政代辦所窗口，需要寄信、明信片、郵票，請按鈴服務。門口黃色名牌是駐村「藝術家工作室」，勿打擾。房舍依山坡地而建，自力造屋的違章建築，很有特色。聚落重新整修後，每一戶門的形式都一樣，門口都設置一古早電燈，很有社區整體感。橘色椅子放置各處，可休憩，也像是藝術村的配件之一。寶藏家園，通道都是窄窄的樓梯。門口綠色名牌是「微型群聚」，歡迎入內參觀。「登小樓」在寶藏巖這個小山坡又多樓梯的地方，經營推廣新詩的咖啡藝文空間，進去看了一下，很有藝文氣息，適合文青探訪。聚落的建築結構多為磚造，樓層多為一至二層，眼前結構在寶藏家園卻顯得另類。公廁小繞了一圈回到主道路，被稱為「三角窗」的房子是服務處。山上蚊蟲多，這裡有提供防蚊液供遊客使用。往主道路經過供奉地藏菩薩的小祠堂民宅主道路底的彩繪牆閣樓寶藏巖青年會所地址：台北市中正區汀州路三段230巷38-2號電話：02-23645313#500(每日9:00至18:00)共有七間住房與一公共交流空間，提供台灣及國際背包客與旅人住宿體驗，並定期舉辦各式講座與活動。防空洞從防空洞旁樓梯上去看看~有些殘缺有些淒涼，這是歷史的痕跡。斑駁的地磚和現代彩繪牆面的對比眺望河岸邊活動的人群這家金工飾品工作室有各種手工飾品可DIY繞了一圈回到防空洞，往回走~店名「尖蚵」，這樣的門面裝飾讓人想一窺究竟。這裡是有咖啡、酒水、輕食的探索食堂。山城53號屋頂平台在三樓高的屋頂平台看到有異國風情的尖屋頂，覺得很特別也把山城點綴得更有特色，後來才知道這是寶藏塔，是地藏王小祠堂的屋頂。屋頂平台登高望遠53號創意小客廳，裡面正播映著影片。門口紅色的牌子是展演空間大多數寶藏家園的住戶門口都有小階梯，是特色。回到三角窗服務處，往右走下去有親子室、哺乳室。再往下走到寶村柑仔店，這區域有許多住戶。走到地面層了，「寶村」位置已接近河岸，原本臨水區住屋拆除後，部分已開闢為有機農田，還有一個生態池，村民利用黃昏在田地裡工作話家常，很熱鬧呢！寶村柑仔店的菜單住戶區社區電影院從農園往河岸走，新店溪右岸自行車道上有許多運動的民眾。騎車的民眾可以從自行車道進入寶藏巖聚落參觀寶藏巖開放時間：週二至週日11:00~22:00，展覽只開放至18:00，週一休館開放時間僅限藝術村公共空間及展覽空間。微型群聚開放時間依各群聚單位網路公告為主。參考來源:維基百科寶藏巖歷史聚落
"['廟宇', '景觀', '藝術', '歷史']","""凌晨的天空，沒有陽光的露臉，只有微冷的天氣，搭上往台北的車子，或許只睡兩小時的不足，讓我上車沒多久，就近入夢鄉了。刺眼的陽光，讓我從睡夢中醒來，已不是在微冷的天氣，而是溫暖的太陽。客運早已離開熟悉的台南，來到曾經拜訪過的楊梅，也是我電話響起的時候。告訴朋友目前車子正確位子後，眼睛在次闔上，為了等下的旅行多一些力氣與精神。客運下了交流道，來到繁華的台灣首都-台北，陰天微冷的天氣，讓我感受不一樣的台北，下了車，拿了行李，在相約的地方等朋友，碰面後，我們一起搭著捷運，來到我們之前規劃的第一站-寶藏巖這是新開發的藝術文化村，可以在公館站下車，穿梭在汀洲路，彷彿要去探索，令人期待的文化村。一個小彎，一個鄰接車道的小路，我們來到寶藏巖，一進去，已經有一群大陸客正走向文化村的方向，我們在入口也先休息一下，跟著他們的後面進去。只可惜的是，很多店家都關起來，讓我們只能在外面參觀，又因為天氣不是很好，讓我很期待中午的太陽。寶藏巖文化村，結合當地居民的一個村莊，裡面其實還是有部分居民住在這邊，所以外頭總是會標示「有人居住，請勿進入」的標語。走在寶藏巖，有時候會聽到房內的電視聲，也會看到居民晾的衣服。這個寶藏巖進駐設計者的工作室，也住著設計者的心靈，每個角落，有著設計者想呈現的概念與想法，也有裝置藝術的藝術品，我想，除非""""懂""""藝術，不然只有""""設計者""""本身懂他的藝術概念要去下一個角落，或者下一個定點，總是會有個石階，總是彎彎的，抱著好奇與探索的心態，往上走，或許在一個轉角後，會有新奇的物品擺設，或者有特別的設計概念。(每條石階，會通往下一個驚喜)(每一個小轉彎，會通往下一個期待)除此之外，寶藏巖也會展示曾經在此地拍攝過的影片，在這個地段，在這個據點，曾經有影星採過的痕跡。我們在寶藏巖待了將近快2個小時，時間接近中午，依然讓我失望的沒有等待到午後的陽光，走在石階上，看到屋頂來一個「生態」性質的「藝術品」，他在屋頂上種植各式各樣的花，這樣的結合，不懂的觀光客，看的新奇，但在熟識的我們眼裡，這樣的設計，是一種生態與人的結合；屋頂種植花，不需要人一直去澆水，夠過雨水代替人工的方式，節省水資源。除此之外，屋內是相當清爽的，因為在有陽光時，花朵接受到的是陽光的照射，降低陽光直接照射在屋內，使得屋內居民感到是不炎熱，而是涼爽的溫度。時間過的相當快，花了將近2-3個小時的時間，將寶藏巖逛完，可惜的是，很多店家都沒有開，只能夠過沙門的網線，看見裡面的擺設。時間逼近中午時刻，天空依然陰天。期待，已變成失望了。午後陽光，再見。太陽在台北是種奢侈品，晴天是給台北人一種期待。寶藏巖很古色古香。石階探索下一個期待與驚喜。午後的太陽，再次失望。"""
"['景觀', '藝術', '歷史']",義芳居古厝義芳居古厝建於1876年(距今136年)藏身於台北公館鬧區靜巷中(台科大後方)因公司附近有工程才發現這棟正身帶護龍式閩南式建築現台北市政府文話局列為市定古蹟希望不久可以風光展現歷史賦予建築價值(地址:大安區基隆路3段155巷128號)廳主屋為三開間屋身下半為平砌石牆下半為斗砌紅磚(內填土石級配料)屋脊馬背山牆為五形中屬金形山牆泥飾上方有代表福氣的蝙蝠中間代表富貴的牡丹花下方瓶子代表平安每種圖形都有其吉利寓意螭龍浮雕為無角神龍這吉祥物常見於閩南式建築門窗璧飾屋頂脊堵內有鹿隻泥塑鹿=祿=福祿托木(雀替)位於樑柱交點雕刻長壽仙桃結實累累象徵吉利及子孫延綿圖樣屋頂脊堵內螭龍剪貼+四獸之一虎鰲魚~中間那隻龍頭魚身鰲魚好吞食火舌因此中國傳統木建築特別喜在屋頂兩端安放鰲魚塑像用意是取其守護防火消災屋簷脊堵內有花生藤蔓泥塑(猜了好久)花生藤蔓=多產=多子多孫石櫺窗(音=玲)傳統石條窗窗條都以奇數為吉利(3條)
"['異國', '情侶']",站在大門口就可以感受到濃濃的聖誕節氣氛，雖然真正的聖誕節日子還沒到，但是很多地方都已經開始裝飾與舉辦聖誕活動了。
"['情侶', '自然']",旅遊日期:101.04.04天氣:晴天火紅的木棉花開了一整片，雖然不及台南白河林初埤木棉花道的壯觀美麗，但在台北城內能有大片的木棉花就比較不容易。木棉又名攀枝花、紅棉樹、英雄樹、貝吉、烽火、斑枝及瓊枝等，是一種在熱帶及亞熱帶地區生長的落葉大喬木，高10－20公尺。每年2－3月份先開花，後長葉。花冠五瓣，橙黃或橙紅色，通常在早春長出，比樹葉更早出現。木棉道作詞：洪光達作曲：馬兆駿演唱：王夢麟紅紅的花開滿了木棉道長長的街好像在燃燒沉沉的夜徘徊在木棉道輕輕的風吹動了樹梢木棉道我怎麼能忘那是去年夏天的高潮木棉道我怎麼能忘那是夢裡難忘的波濤3愛情就像木棉道季節過去就謝了愛情就像那木棉道蟬聲綿綿斷不了這首木棉道不知有沒有喚起你一些塵封已久的往事哪！旅行路線簡圖
"['園區', '農場', '自然', '親子']",大都市裡的秘密花園倚著芳蘭山的《台大農場園藝組》，由於日據時代作為帝國大學的教學場所，因此保留了豐富的原始植物景觀。為了讓都市的大小朋友也能感受到山林野趣，園藝組特別規劃適合各年齡層的「蔬果探險樂園」活動，一個半小時可以暢遊香草區、果樹標本園、觀賞植物標本區等。透過「蔬果探險樂園」之參訪活動，讓兒童了解蔬果的成長過程，同時體驗親手栽植的樂趣，提高對蔬菜水果的接受度，進而養成攝食足量蔬果，健康飲食的習慣。
"['異國', '公園', '藝術', '情侶']",古亭婚紗河濱公園位於永福橋與中正橋間新店溪右岸，有心型拱門、大囍字、喜慶樂隊、純白鐘樓、羅馬柱的涼亭、希臘愛琴海的風車，小男孩與小女孩KISS及LOVE字標等浪漫藝術造景，有著濃濃的喜慶氣氛，成為台北市拍婚紗新景點。為了拍古亭跨堤平台光雕夜景，黃昏再度走訪，租台YouBike往古亭婚紗河濱公園，享受騎單車悠遊花海的樂趣。彎彎曲曲「S」型髮夾彎道水岸風光怡人，消磨午後時光，散步、慢跑、騎單車老少咸宜的好去處。紅咚咚喜氣洋洋的大囍字喜慶樂隊LOVE在古亭跨堤平台俯瞰漂亮花圃豎琴希臘風格的鐘樓，不用出國，就能拍出有著異國情調的婚紗紀念照。羅馬柱的涼亭希臘愛琴海的風車雙人剪影雕塑俏皮可愛五個大愛心在草皮上新人沉浸於浪漫氛圍，拍起婚紗笑得更甜蜜。專為水管輸送用打造的永福水管橋，亮麗耀眼紅色拱橋造型。夕陽西下騎到馬場町紀念公園折返捷運台電大樓站下車，由5號出口前往師大路方向前行至汀州路三段路口(約4分鐘)，穿越地下道，即可抵達。
"['公園', '寵物', '親子', '園區', '自然']",山水綠生態公園的前身就是山豬窟垃圾掩埋場，山豬窟垃圾掩埋場總面積約65公頃，其中30公頃為掩埋區，35公頃為保育綠地及管理設施用地，而山水綠生態公園規劃21公頃。新聞報導山水綠生態公園將開放啟用，因住家離此很近，於是利用雙十國慶好天氣來此走動。↑山水綠生態公園入口意象。↑洗車場變身小木屋，未來將提供咖啡座。↑野豬坡，構想來自於山豬窟舊名，舊時，舊莊里野豬成群，故名山豬窟。↑占地廣闊，前方正是山豬窟尖。↑↓蔣渭水高速公路與大豐山。↑從地磅站變身而來。此地還在植栽，林木還未茁壯，數年林蔭成群，市民又多了一處消暑休閒去處。營業時間：每日06:00~22:00山水綠生態公園甫於10月27日正式啟用，開車經過北二高汐止南港間遠遠就望見2顆粉紅的大氣球，這是一座佔地面積達21公頃，位於南港區第一大的新生公園綠地，相當於2個大巨蛋的基地面積，是10個小巨蛋。今天是個秋高氣爽的好天氣，早上騎機車到南港轉入研究院路然後右轉南深路，不久就到了公園大門入口，開放時間從早上6時到晚上10時，入園免收門票，園內設有汽、機車免費停車場，因為園區面積十分寬廣，還有提供自行車借用，真是貼心。位於南深路高架橋下的山豬窟，台北市政府於2011年5月徵求命名，最終採用「山水綠生態公園」為垃圾場復育之後的新名稱。據說，「山水綠」典故出自於柳宗元「漁翁」中詩句「欸乃一聲山水綠」，借喻掩埋場經復育工程後，將成為市民踏青休閒的生態公園，也將成為豐富動、植物種的新樂園，符合當地山、谷、溪流景觀相互輝映。秋天的五節芒花燦爛耀眼，山芙蓉花也是粉白爭艷，在公園週遭隨處可見，白雲藍天，徐徐微風，置身諾大公園之中，給人一種特別寬闊無拘無束的心情。新生公園新栽種的植物區有榕樹、白千層、油桐、九芎、台灣欒樹及高大椰子樹等，吸引許多鳥類來報到，預期將來綠樹成蔭，更是另人期待。公園內規劃有碎石步道及自行車道，路燈照明、涼亭、流動公廁等公設也很齊全，公園的草皮綠地可能有愛狗人士來遛狗，利用回收油桶加以彩繪而成的垃圾桶，另提供狗便清潔袋，環保是一門科學，更是一種意識、運動與實踐，從簡單生活做起。寬敞的開放空間，芳草綠地，賞心悅目，實在讓人難以想像此處原是一處垃圾場，這真是一個偉大的工程。據查山豬窟垃圾掩埋場於民國83年6月啟用，十幾年後已趨飽和，環保局為改善掩埋場環境，並增加市民休閒空間，92年起開始進行復育規畫，經過地方政府、專家學者，還有許多無名英雄，多年來的用心與努力，始有今日的成就呀！山豬窟一詞為南港區舊庄里古地名，因當地古時曾為山豬群聚飲水之谷地，故舊稱「山豬窟」。民國83年6月起接替福德坑垃圾衛生掩埋場，負責北市垃圾處理任務。地球只有一個，活在當下的人，真應該多為後代子孫多著想，唯有延續與深植環保概念，並且身體力行才是。近年來政府及民間莫不大力提倡節能減碳、垃圾減量、資源回收，這就是環保啊，「垃圾放臭屁，沼氣去發電」，發揮環保的智慧。園區內規劃有兒童遊樂區，在陽光普照的晚秋假日，為大眾提供一個不錯的親子同遊好去處。位在中區的休憩花廊，視野十分寬闊，眺望碧山巖、陽明山系、五指山系、南港展覽館、北二高、三腦寮、更寮角，皆一一可指。花卉區景觀，鋪陳花漾繽紛多采多姿的感官視覺。太陽能花鐘，日照8小時可產生5度電力。(1度電力=每1小時用電1000瓦的電力)資源回收化作彩虹電線桿，成為眺望天廊木棧步道特有景觀，在原資源回收場內，設有各種環保教育展示解說及壓縮鋁罐成牆。園區入口荷花池，企圖營造出清新幽雅的氛圍。洗車台變身而成的咖啡屋，目前尚無商家進駐，門口設有飲料自動販賣機。102.11.9**********************************************************************************山水綠生態公園原本是一座垃圾掩埋場，啟用10幾年後垃圾量已趨飽和，環保局為改善垃圾場環境，增加市民休閒空間，乃於民國92年起進行復育規劃，經過政府當局、專家學者及工程人員的努力，山水綠生態公園於102年10月27日正式啟用佔地面積達21公頃，為台北市南港區第一大的新生公園綠地。在山水綠生態公園管理站旁有一咖啡色小木屋，搭配窗格醒目的白色線條及明亮的門窗，成為園區內最亮眼的地標。小木屋內採開放式空間，除了男女公廁之外，沒有其他多餘設施，從實木地板階梯爬上來二樓，可近距離俯瞰小木屋旁的整個蓮花池。很難想像這座格調優雅的二層樓小木屋，原本可是垃圾場內的洗車台，隨著垃圾場轉變為生態公園後，洗車台大變身成為小木屋。蓮花就是荷花，荷花就是蓮花，兩者為同一植物，蓮是學名，荷，是俗名、別稱，荷者負荷也，大大的蓮花與葉片皆由一根莖撐起，至於睡蓮與蓮花二者的外觀雖然相似，但親緣關係甚遠，睡蓮也是會睡覺的蓮花或稱子午蓮花，睡蓮因晝舒夜卷而被譽?「花中睡美人」。靠近池塘邊，除了欣賞荷花亭亭玉立風姿萬千，也可見水蠟燭、菖蒲等水生植物，若仔細聆聽還有蛙鳴的聲音，據解說牌載，山水綠生態公園常見青蛙有貢德氏赤蛙及面天樹蛙，為水陸兩棲類動物。此地舊名為山豬窟，在園區的草皮小丘上有幾隻山豬石雕，幾個小朋友爬到山豬的背上玩著丟石子的遊戲，你一丟，我再丟，看誰丟的遠，看他們天真活潑的動作，可愛的童稚歡笑聲，似乎連小山豬也覺得很開心呢。池中盛開著蓮花，蟬聲蛙鳴不絕於耳，池中蓮花的多寡都不減花的美，君不見不管一朵花、二朵花、三朵花或是很多花，拍起來都粉美呢！運用拍照角度、位置的變化，同樣的三朵蓮花也可拍出不同的排列效果，更增添賞花拍花的樂趣。山水綠生態公園內規劃有碎石步道及自行車道，路燈照明、涼亭、流動公廁等公設也很齊全，公園的草皮綠地可能有愛狗人士來遛狗，不過園內除了室內空間外，很少有遮蔭的地方，怕熱怕太陽曬的，記得帶傘遮陽做好防曬工作。104.6.21
"['夜市', '美食']",南機場夜市在早期是日軍的飛機倉庫，因此得名，現在機場撤掉，但週遭的夜市商圈也沒因此消失，在這裡有基隆黑輪綜合甜不辣，各種口味的黑輪、魚板、甜不辣任您挑；還有熱騰騰的現包現煮水餃，淋上香油與烏醋，口感極佳；濃密醬汁的蚵嗲也是酥脆美味，就等您一起來品嚐嘍!
"['夜市', '美食']",逛過幾次通化夜市，卻好像沒有好好介紹過所吃的美食，藉著春節期間的空檔，來逛了逛久違的通化夜市。通化夜市其實名為「臨江街觀光夜市」，只是很多人習慣稱作通化夜市。白天有著販售服飾的店家，是一條商店街，越夜，吃的攤販紛紛出籠，加上眾多小吃店，形成熱鬧滾滾的夜市市集。老字號的通化夜市，美味的小吃隨便找都一堆，跟著Irene一起來逛夜市吧。#1.阿婆(曾)豬血糕自1958年開始的老店曾阿婆豬血糕(NT.25)，聽說也是推薦的獨家好味道，無論做法還是口感都很一般的豬血糕不太一樣，很特別。通常豬血糕蒸好後，有顧客購買才會抹上沾醬，沾上花生粉跟香菜，阿婆豬血糕則是蒸好就放在醬汁中，有人買時才會沾上花生粉跟香菜，相當不同。而一般的豬血糕可吃到一小顆一小顆米粒的口感，阿婆豬血糕完全沒有！像粉粿的口感，很光滑也很Q軟，有些驚艷到。無論哪種做法跟口感也都好吃，個人偏愛一般較粗口感的豬血糕居多些。#2.大花香腸通化夜市的紅花香腸相當知名，當下紅花尚未出來擺攤，沒有注意下，以為買的大花就是紅花，事後才知道買錯家了，幸好也還不錯吃。跟紅花一樣有著琳瑯滿目的口味，簡單的香腸，加上不一樣的組合，就像賦予了新生命，帶來不一樣的感受。選了比較特別也不容易吃到的墨西哥莎莎醬口味(NT.40)，番茄的甜美，開胃又清爽，用來搭配比較油膩且重口味的香腸很剛好，烤到滋滋焦香的香腸，肥瘦相間，不過硬也不過乾，雖然不算吃過最好吃的，口感上也算不錯，下次有機會想試試紅花。後來在買羊肉串的攤位，問了一下老闆娘紅花麻辣鹹水雞的攤位，順便跟我們小聊了一下，才知道原來大花是紅花的房東，因為租金一起漲，所以紅花就遷走了(變成原址的對面)，而大花接收紅花的客源，也賣起了烤香腸。#3.北京羊肉串很喜歡羊肉，也喜歡孜然的味道，聞到陣陣飄散而來的孜然香味，吸引了我停下了腳步，買了一隻解解嚵。雖喜歡吃新疆羊肉串，卻不容易購買，實在是試過不少覺得不優的新疆烤肉串。種類有牛、羊、雞等可選，搭配我愛的孜然當然是要選羊肉(NT.35)囉，黑嚕嚕的賣像，表面明顯的孜然香料，看似不起眼也不可口，卻是我愛的這味。容易買到乾硬的新疆羊肉串，很幸運的這次沒踩雷，肉質略帶咬勁，羊騷味不重，還緊附著些許肉汁在裡頭，吃的我意猶未盡阿。#4.飲料吃了幾攤口也渴了，在新疆羊肉串對面有攤看起來不錯的飲料攤，買杯來解解渴。猶豫的選了鮮奶冬瓜(NT.40)，加的是新鮮的牛奶，以價格上來看很OK，加了鮮奶的調和，冬瓜味還是相當明顯且香濃，喝習慣微甜的人可能會覺得過甜，不過冬瓜就是這股香甜味迷人阿！#5.日本丸日式料理之前來通化夜市都會到一家小小的「日式黑輪壽司」用餐，空間小很家庭式的店，這次來沒有看到營業，應該是春節休息，後來看到這家，妹妹眼睛發亮，小嚐幾樣。販賣的內容不少，價格都還蠻中肯的。老妹指定的炙燒鮭魚肚握壽司(NT.80)，鮭魚本身就很軟嫩甜美，鮭魚肚的口感更是讚，肥嫩加上炙燒後的口感，大大的滿足阿。夾了幾樣關東煮，淋的醬有些淺淺的辣，味增滋味多些，關東煮的食材表現都不錯，口感都很好，挺推的。店家最後方有免費的關東煮湯可舀取。看到菜單毫不考慮就點的明太子烤洋芋(NT.150)，真是稱職的明太子控阿。因為要烤所以最後才上，在鐵盤上滋滋冒著，顯現邪惡的一面。明太子的鹹與辣，調和著底下綿密的馬鈴薯片，相輔相成的滋味，不禁揮舞著手指，就是難抵這明太子的魅力；或許因為要鋪在鐵盤中，所以使用的油不少，看到馬鈴薯沾上一堆油退卻了幾步，還是先把體重給拋在腦後，吃了再說。#6.紅花麻辣鹹水雞此行到通化夜市最主要的原因就是為了紅花麻辣鹹水雞而來，自從在康熙來了節目上看到藝人推薦的這家鹹水雞後，就一直想品嚐，節目開播後沒多久，人潮可想而知，泰瑞來見識過一次，沒買到又默默的離開，事過許久，現在的人氣雖然也很高，至少沒當時那麼恐怖。大約六點推出攤車來，一堆等著購買的客人也跟著攤車移動，形成很有趣的畫面，小等了一下還是順利買到，店家人手不少，但是處理方式比較瑣碎，才會比較耗時。好不容易來到又買到，幾乎什麼都想吃的夾了不少，一大包也買了300多元。普通看到的鹹水雞都是白雞，紅花的還有烏骨雞可選，肉質很嫩，相當讚，調味上不會過鹹，個人覺得剛剛好，老妹則是嫌不夠鹹。招牌的豆皮很軟嫩也很多汁，跟杏鮑菇一樣好吃。四季豆就中規中矩了。夜晚的通化街上頭也點亮了燈泡，增具夜市的光采。兩個人每樣吃一點也是相當滿足的，通化夜市擁有許多美味的小吃，除了這些還有許多是這次沒有介紹到的，像鐵板燒、魯味、蚵仔煎、臭豆腐等等，不像新興的夜市許多攤位品質不一，需要靠運氣，想吃好吃的還是要來歷史悠久的老夜市逛逛。本文由【小公主Irene在地球的吃喝玩樂】提供
['公園'],為了紀念1953年在南港與汐止、石碇交界的山上，發生的「鹿窟事件」，西元2000年，臺北縣政府於此立碑，以紀念當年那段歷史。當時軍警包圍鹿窟山區，逮捕被疑為中國共產黨支持者的武裝基地成員，其實都是一干村民，牽連二百多人，村民被捕之後，多移送鹿窟菜廟（即今光明寺），以刑求逼供所得自白或他人供詞，加以定罪，造成歷史的憾事。鹿窟事件紀念公園位於舊莊街與碇南路交岔口旁，公園面積不大，紀念碑主體結構為不鏽鋼版，橫越平台上空，就像一把彎形利刃，象徵當年被扭曲不實的事件，造成無數冤獄折磨。鹿窟事件碑文1947年，二二八事件爆發。1949年，國民政府撤退來台。政局動蕩不安，厲行威權統治，肅殺氣氛瀰漫全台。1952年12月29日凌晨，軍警包圍鹿窟山區，逮捕被疑為中共支持的武裝基地成員之村民，至3月3日為止。其間因案波及，於2月26日至瑞芳圍捕，3月26日又至石碇玉桂嶺抓人。前後近四個月，牽連者二百多人。經判決死刑者35人，有期徒刑者百人，是1950年代最大的政治事件，史稱鹿窟事件。鹿窟村民被捕之後，多移送鹿窟菜廟(今光明寺)。未經對覽查證，即以刑求逼供所得自白或他人供詞，加以定罪，造成無數冤獄折磨，以致家破人亡，傷痛欲絕。今日立碑，除追悼冤魂，緬懷往事，更要記取當時任意逮捕判刑，蹂躝人權的教訓，共同攜手為建設台灣成為民主法治，公平正義的社會而努力。台北縣政府2000.12.29續往碇南路走，岔路左上左轉鹿窟巷抵達光明禪寺，在鹿窟事件中的「鹿窟菜廟」，就是今天的光明禪寺。佔地廣大，有寺宇、禪房、花園、大池塘，環境清幽，四周群山環繞。停車場旁有個鐵皮棚架，裡面有石造佛像，法相莊嚴。棚架外有石造佛像林及步道，岩石階而下可抵鹿窟事件紀念公園。視野寬闊，翠綠山巒綿延無際。入寺右側有一大池塘，波光粼粼，池裡有魚群悠游其中。大雄寶殿供奉的是慈悲為懷的阿彌陀佛庭院中設有桌椅供休憩，有個貯滿水的石盆，裡面丟滿了銅板。旅遊日期2014.02.22
['歷史'],堆疊叢書尋珍藏創於1945年的松林書局是全牯嶺街最老的書局。小巧不到5坪的空間內，塞滿了十幾萬本書，放眼望去，從地板排到天花板毫無縫隙的景象，令人印象深刻，還曾入選台北市政府的台北101奇景呢。圖說：一落落的舊書，是愛書者挖寶的好地方，高到頂天的書籍，想要找書記得跟老闆問唷！營業時間：07：00～19：00公休：無刷卡：不可
"['博物館', '歷史', '親子', '園區', '自然']","""今天上午開會，只剩下午有時間，就沒有計畫去爬山，搭火車到萬華站下車，直行艋舺大道轉和平西路二段接南海路(約1.2公里)到達台北植物園。台北植物園創立於日治時期的1921年（大正十年），迄今已有近百年歷史，隸屬農委會林業試驗所。台北植物園免收門票，免費開放參觀，實在是市民認識大自然植物的大教室。據查網路資料，台北植物園占地面積達15公頃，而栽種植物面積有11公頃，主要以亞熱帶植物為主，種類多達2000餘種。並依赫欽氏植物分系統分成十七個區分別種植，其中又以繁花異木及荷花池聞名，也最引人注目，加上雅緻古典的古式涼亭，別具盎然詩意。植物園區內有一處布政使司文物館，外觀頗有閩南建築特色，紅瓦燕尾屋頂，造型古色古香，已列為二級古蹟。園區內新建的木棧步道，兩旁有阿勃勒黃金雨花開，空氣清新，鳥叫蟲鳴，經過雙子葉植物區，便到達賞荷廣場了。放眼望去，諾大的荷花池，滿池都是寬大的荷葉，點綴著粉紅的朵朵荷花，午後的微風吹來，也夠美的。一對白頭翁，體態輕盈，穠纖合度，停落在蓮蓬上，似乎正在歌頌荷花的風雅詩懷，飛出籠外，鳥的世界，多麼自由自在悠哉。今天到植物園主要目的當然是來荷花池賞花拍照，可惜花開不多，約只三、四成。從賞荷廣場木棧平台沿著環池步道，繞往博愛涼亭方向，花架拱廊下，小朋友無憂無慮，開心地奔跑嬉戲。凌宵花落落大方，雍容華貴，盛開在高高的花架上。葉子飄浮在水面上的是睡蓮(香水蓮)，花朵挺出水面上，花瓣倒映池面，散發濃郁的香氣。木棧道、涼亭、荷花，這不是位在深山中，竟然是在大台北城市中，相當容易到達的台北植物園內。想說走入涼亭坐一下欣賞荷花池，發現樹上有隻松鼠，牠可是很好動滴，想要拍照捕捉牠的身影，只有三個字：快~狠~準！台北植物園內栽種植物種類繁多，因此也吸引許多鳥類居住在這，瀏覽各類植物區，賞荷花又賞鳥，既休閒又可進一步認識植物生態，是市民假日休憩散心好所在。植物分類園區內有一座圓拱屋頂白色建築，它可不是皇家宮廷喔，它是栽培植物花卉的~溫室。102.6.7位於臺北市南海路的植物園，每年五六月間，荷花池蓮花綻放，總是吸引四方愛好攝影人士，前來拍攝蓮花。蓮花又稱荷花，古稱芙蓉或菡萏。北宋理學家周敦頤對蓮花情有所鍾，他說：予獨愛蓮之出淤泥而不染。佛教徒喜愛蓮花也不遑多讓，視佛坐在巨大蓮花和蓮葉上。理學家或佛教徒青睞蓮花，源自聖潔高雅底蘊；今人喜愛蓮花，應與風姿優雅，花色清麗有關。青荷蓋綠水，芙蓉披紅鮮。映日荷花別樣紅。灼灼荷花姿，亭亭出水中。絢爛終將歸於淡定？含苞欲放鳥語花香魚戲蓮葉東姿態優雅紅蜻蜓去歲拍照玩家稀疏，今朝好攝之徒成市。若問原因？應該是今年花況良好，又逢週休假日。好攝之徒比遊客多，特殊景觀屬荷花池。或立或蹲或坐，只為捕捉美畫面。敬業態度，令人尊敬。觀荷畫荷，情趣盎然。大砲部隊來了，不過是拍綠繡眼。荷花池提供行動不便者，也有近距離賞荷花機會，真好！荷花池畔亦有睡蓮池。即便睡蓮初綻多稀疏，但兩花競相綻放，交相輝映，仍然是美麗的畫面。葉子貼在水面是睡蓮，葉子伸出水面是蓮花。遠離荷花池人潮，轉往寧靜的國立臺灣藝術教育館睡蓮池觀賞。花朵晝舒夜捲的習性，或許是睡蓮名稱由來？冰清玉潔不染塵，為其贏得「水中女神」美譽。夜鷺和紅冠水雞到此覓食，不外乎圖個安靜罷了！植物園裡有一千五百多種植物處處有綠意是親近植物的好地方布政使司文物館是古蹟水道旁充滿綠意池子中央的階梯流水常有小鳥到此洗澡逛植物園不要錯過美麗的荷花池紅色建築是歷史博物館荷花開了，妳的初現一刻，聚集眾人目光的焦點，在台北市植物園內湖中，花影婆娑綺麗，我願是綠色荷葉伴妳身傍，與妳共舞。陽光反射出荷葉邊緣的輪廓，昨夜的露珠還在荷葉上跳舞不想離去，綠頭鴨悠游戲水，就是這般寫意輕鬆，妳的初現讓一切充滿樂活。呼之欲出的蓓蕾，是多麼地讓人滿懷期待，那是讓人屏息的一刻，當妳如沐春風般的笑容綻開。紅花綠葉眼前，在風中輕盈的歌頌，隱約跳躍的音符，觸動著一點一滴心靈的悸動，挑起潛藏心底魂縈夢繫記憶。台北市植物園的荷花開了，今年的花開得很美，去年我也來此賞花，時間過得真快，又一年了！妳現在過得好嗎？台北植物園創立於日治時期的1921年（大正十年），迄今已有近百年歷史，隸屬農委會林業試驗所。台北植物園免收門票，免費開放參觀，是市民認識大自然植物的大教室，荷花開了，宣告初夏的腳步將近。一曲新詞酒一杯，去年天氣舊亭台，夕陽西下幾時回。無可奈何花落去，似曾相識燕歸來，小園香徑獨徘徊。此情此景誰與共，花紅葉綠喜相逢。放眼望去，諾大的荷花池，滿池都是寬大的荷葉，點綴著粉紅的朵朵荷花，午後的微風吹來，也夠美的。我喜歡喜妳的出淤泥而不染，濯清連而不妖，妳總是帶給人一種平靜祥和的Fu，或許，世俗只不過是如此凡庸...在荷花池旁另有一睡蓮區，她只是靜靜低盛開在池面，沒有想和荷花一爭高下，或許只有獨自黯然神傷...日期：103.5.2地點：台北市植物園遠離都市的塵囂、噪音、繁忙，與夏日酷熱，進入植物園有恍如置身另一個寧靜的世界。來此要打開感官，用眼，耳，鼻，手與心盡情吸收。植物園仿佛是台北市一片肺葉，把汙染空氣轉換成清新空氣，釋放大量負離子與芬多精，不禁讓人想多呼幾口空氣，而不想離開。園內蟲鳴鳥叫聲音此起彼落，好像大自然田園交響樂曲，時而澎派飛揚、時而靜音低鳴，讓人陶醉著，隨著音樂起伏，而忘了時間的飛逝。步入座落在園內一偶之政使司文物館，有如墬入時光隧道。回想當年文武百官搭轎子，抵達上朝地點，魚貫下轎，緩緩步入衙門內，那昔日盛會堪可比擬今日五院首長驅車前往總統府。參觀者可藉視訊電視了解台灣建省、布政使的職務、台灣民主國的背景及清領時期布政使司衙門的歷史沿革與空間變遷。這又是知性之旅，使訪客對歷史有進一步了解，真是有不虛此行。荷花園是旅客必到之處，愛好攝影者莫不將出於汙泥而不染的荷花百態攝入，成為永遠的回憶。荷花園與植物園內大小不一的水塘，具有調節溫度的功能，雖屬盛夏卻是涼爽宜人，仿佛置身在冷氣房內。植物園是國人必到之處，願藉此文鼓勵國人暫時放下身邊的工作，來此享受浮生半日閒。台北植物園所長的話..林業試驗所附屬的台北植物園位於台北市西南側，距離總統府約半公里，在博愛路南端，佔地約8公頃。溯至西元1895年，日本統治台灣時，在小南門外空地先闢建苗圃，由殖產局之林業試驗場管理，面積初不及5公頃，而後迭經購地擴建，一度達15公頃之多，除一部分供育苗外，餘均予劃分區域，闢為母樹園，低窪處則挖掘為池沼，分別自台灣或日本採運母樹植於園內，並插名牌，以資普及植物教育。西元1921年，中央研究所成立，接管林業試驗場，另設林業部，苗圃正式改名為植物園，除繼續原有工作外，植物園亦派員前往歐、美、澳、非洲及東南亞一帶，多方面收集樹種，運回培育。到西元1930年左右，園內已栽種1120種植物，其中泰半為國外引進者，對於學術及自然科學之教育貢獻殊鉅。不幸，二次大戰期間，園區建設中輟，樹木枯損殆盡。光復後，在林業試驗所銳意經營下，竭人力財力，將園區重新整理，同時積極引種栽植。至今，園區內之建築與植物種類已遠超過以往盛況，蒐羅之植物多達約2000種。台北市人口密度非常高，能使用之綠地比率越來越少，長年忙於工作的人們下班後或假日希望能夠有個心情放鬆之處所；學生在課餘時，也希望有個學習自然的處所，順便讓終日使用的眼睛可以得到舒解，台北植物園位處精華地帶，正提供如此兼具研究、教育、保育及遊憩之場所。園區內提供陸域、水域生態之展示空間，將野地及世界之植物種類蒐集至台北植物園，藉由解說系統的呈現，將生物界最真的知識及最美的畫面提供給遊園的民眾。植物園經營是永續的事業，在工作人員努力維護環境之餘，也希望遊園民眾透過本網站先做好自己本身的教育，蒐集並瞭解遊園之規則、動線及展示區的相關知識，並配合管理人員指示及解說老師的引導。相信來台北植物園的民眾一定會有非常多的收穫。炎炎夏日，欲賞荷花，不必遠求，台北植物園荷花池就有。台北植物園位於台北市南海路53號，國立歷史博物館後方。台北植物園荷花池前年蟲害，去年新栽，今年大豐收。攝影人士雲集，全神貫注則一。攝影晨操，各有偏好，不可強也。攝影人士比遊客多是荷花池特殊景觀。6月25日，黎明即起，前往台北植物園健行，意外發現許多攝影人士正在拍荷花，有一份驚喜喔!荷花嫵媚不染塵，或許是攝影人士趨之若鶩的原因。怎奈身邊只有小型傻瓜相機，拍了幾張，繼續未完的健行。抬頭一看，穗花棋盤腳花自上垂降下來，煞是好看。穗花棋盤腳花，花期只有一天。夜間綻放，清晨開始凋零。早起的鳥兒，果真有蟲吃。花開堪拍直須拍，莫待無花空嘆息。6月27日，?帶攝影器材再訪植物園。邊拍邊讚嘆，賞心悅目帶來許多愉悅。荷花植株密集，自含苞、半綻到全綻，可以一次看個夠。白荷屈指可數，彌足珍貴。自成一格，吸睛十分。蜂荷戀。太陽是最佳燈光師，在他打燈下，荷花格外嫵媚。大珠小珠落玉盤。紅面水雞是植物園的常客。慣看春花夏荷的夜鷺，十分淡定。蜻蜓點""""荷""""。?尾草。"""
"['公園', '親子', '自然']",捷運信義線(中正紀念堂至象山)自2013年11月24日通車後，所有地區往來信義商圈更為便利，從大安森林公園站2號出口出來旁邊就是大安森林公園1號出入口。緊鄰捷運站旁設有下凹式庭園，圓弧狀的水簾設計十分生動，半圓形的透明光塔、玻璃帷幕的陽光大廳，塑造自然光線直接穿入月臺的城市景觀。大安森林公園於民國83年正式對外開放，座落於建國南路、和平東路、新生南路及信義路之間，佔地面積約26公頃，曾獲選為台北市十大最受歡迎公園第一名。公園內種植多樣化的植物，規劃有不同的主題區域，包括香花區、竹林區、喬灌木區及棕梠樹區等，是台北市的「城市之肺」。經過竹林區，往露天音樂廣場途中有一片小梅園，此際正綻開著淡粉色的香梅，花株約只有1-2公尺高而已，可以近距離欣賞她的迷人丰采。據解說牌載，純香梅花屬薔薇科，落葉喬木，適合庭院栽植及盆景觀賞，花初期淡粉紅色，盛開時粉白色，三層重瓣，具濃郁香氣，不結果。純香梅花的花名雅致，外型和宮粉梅很類似，但是顏色比宮粉梅淡雅許多，遠拍不如近拍美，伊就是要郎靠近身旁賞梅拍梅聞梅香...這一團一團鮮紅色球狀花稱為「紅粉撲花」，是屬於含羞草科，因為花密如絨球，與仕女美妝使用的粉撲很像，因而得名。大安森林公園植物種類繁多，隨著一年四季變裝不同風情，城市之中有這處公園真好，就像是植物大教室一般，讓民眾可就近觀賞植物生態，再過1-2個月，迷人的流蘇三月雪也即將在此上場了。碧綠如鏡的生態池，楊柳垂青，風景秀麗，池旁的樹木有許多水鳥、白鷺鷥棲息，五、六隻烏龜也爬出水面，龜首伸長晃來晃去，一位巴拔帶小朋友看得出神，忽有一隻烏龜跳入池中消失不見，小朋友驚呼：阿~~糟糕！烏龜落水了~~104.2.1***********************************************************************************大安森林公園佔地約26公頃，於民國八十三年三月二十九日啟園。雖位於台北市區中心，但卻是一個草木濃密的生態公園，以「都會森林」的型態成為台北市的都市之肺。公園內除有綠樹成蔭之外，更有花壇處處，每逢花開時節色彩繽紛，令人賞心悅目。公園外人行道則以綠樹與道路區隔，臨建國南路為盾柱木，臨和平東路為樟樹、臨新生南路為白千層、臨信義路則為榕樹，人行道中央還植有楓香樹，呈現多層式綠籬景觀。此外，各種休憩設施如行人座椅、涼亭、音樂舞台、慢跑道……等各種設施相當完善，公園下方並設置有地下停車場以方便開車前來的民眾，已成為台北市民休閒最佳場所之一。藏身首都裡的生態樂園《大安森林公園》佔地26公頃，是台灣少見的大型都會公園，可說是台北市之「肺」。擁有綠蔭盎然的草地、樹林，及多種花卉植物，更規劃了慢跑步道，非常適合全家大小一起來散步、運動，享受天然的芬多精喔！有時還能遇上露天音樂台舉辦的活動，綠意盎然的景觀伴隨著美妙的音樂渡過一個悠閒又健康的午後時光。藏身首都裡的生態樂園《大安森林公園》佔地26公頃，是台灣少見的大型都會公園，可說是台北市之「肺」。擁有綠蔭盎然的草地、樹林，及多種花卉植物，更規劃了慢跑步道，非常適合全家大小一起來散步、運動，享受天然的芬多精喔！有時還能遇上露天音樂台舉辦的活動，綠意盎然的景觀伴隨著美妙的音樂渡過一個悠閒又健康的午後時光。覺得大安森林公園的自行車道有綠色隧道感所以來走一圈這一圈走完大概2.5公里
['廟宇'],「通化福德宮」一樓分別是福德宮及財神殿，有二處主神，也就是土地公和五路財神，還有虎爺。二樓：觀音佛母、文昌帝君、清水祖師、保儀大夫、保儀尊王、天上聖母、主生娘娘、月下老人。三樓：玉皇大帝、南斗星君、北斗星君。一樓有二處，進大門處是福德宮。宮中燈光輝煌。宮中供香共八柱。洗水果處。香燭。金紙。補元神財庫。每月初一可為善信大德補元神補財庫，欲參加善信大德可向廟祝登記。向廟祝索取補財庫呈報文。補財庫等用品。繳完金額後，會發予感謝狀。「通化福德宮」服務有：學業祈求、婚前交友、結婚感恩、產前祈求、產後感恩、沖煞改運、婚姻異常、嬰靈超渡、枉靈超渡、治病理念，也有補財庫及安太歲服務。求籤筒。主爐。一樓主神福德正神(土地公)。福德正神。福德正神香爐處在左下角。虎爺。「通化福德宮」也有招財金雞母，需要的信眾可多加利用。往一樓左手邊走，也就是財神殿。一樓左方主神：五路財神。前方有個超大的金元寶！後方則有印上財源廣進、生意興隆、心想事成、五路亨通、富貴吉祥的古錢提字。一旁牆壁上還有石雕等作品。還有提供健康全自動血壓機。二樓主神：觀音佛母、文昌帝君、清水祖師、保儀大夫、保儀尊王、天上聖母、主生娘娘、月下老人。太歲燈。三樓主神：玉皇大帝、南斗星君、北斗星君。三樓香爐在有二處門神外。「通化福德宮」。
"['公園', '親子', '自然']",臺北地區最受歡迎的大安森林公園，位於臺北市大安區，地處市中心。為鼓勵市民養成運動習慣，10年前增設紅磚土慢跑道。紅磚土慢跑道位於公園外緣，建國南路、新生南路、和平東路側邊圍繞之，長度約1560公尺。紅磚土慢跑道到此告一段落。【捷運大安森林公園站】公園臨信義路側邊，由於捷運大安森林公園站緣故，必須改走既有步道，總計達2100公尺。慢跑道，自然以慢跑為主，健走也OK。散步於林蔭夾道中，享受森林浴芬多精，更不錯。今年暑假，唸幼兒園的金孫，參加設在大安森林公園的足球營，身為爺爺的阿文，護送金孫到場地。將金孫託付給教練後，便前往慢跑道，或慢跑，或健走，或散步，不亦樂乎！跑累了，就找個涼亭休憩。走累了，就看看充滿熱帶風情的華盛頓棕櫚。樹形優美的大王椰子。富有白色黏液乳汁，成為早期橡膠來源的印度橡膠樹。還有綠葉成蔭，碧草如茵。與難得一見的金絲竹。大安森林公園美景處處，拍婚紗成為最好的見證。有時候，心血來潮，揹負相機。慢慢走，慢慢搜尋，慢慢拍攝，也會有斬獲。五色鳥城市居大不易，希望鳥巢箱有助於牠們成立新家園。五色鳥巢高高掛，望眼欲穿伊歸來。自然斜坡式的露天音樂臺，奔來眼底。它是臺北市藝文表演的熱點。舒活筋骨，有益健康。公園既以森林型態呈現，花兒自然不多。一旦出現花卉，便覺驚豔了。兒童遊戲運動場，是親子最佳地方。【信義路與建國南路路口】作品名稱：千山萬水。材質：黑花崗石。作者：李寶龍。千山萬水本有情，生生不息知愛護。【新生南路與信義路路口】作品名稱：多福。材質：銅。作者：謝棟樑瓜瓞綿綿兩姓婚，多子多孫多福氣。【５號出入口與６號出入口之間】公園言悠遊，YouBike稱便利。臺北最美捷運站，南來北往方便通。穿越１號出入口，進入公園。造型新穎獨特的下凹式庭園。貼心服務防蚊站。鳥類樂園生態池。【夜鷺亞成鳥】孤單影隻。【紅冠水雞】母子情深。小組會議。
['歷史'],「布政使司」是清朝時期的省級行政單位。1887年臺灣建省後，設立了臺灣布政使司，是全臺最高行政機關。當時的衙門位置，就設在今天中山堂的所在。1895年甲午戰敗，臺灣被割讓給日本，圖謀自救的「臺灣民主國」總統府也設在這裡，但不幸的是僅只維持10多天，就失敗了。日本人在總督府（今總統府）建成之前，也暫時使用衙門西側的籌防局作為臨時的總督府辦公室。1931年，為了紀念裕仁天皇登基，決定在布政使司籌防局前廣場興建臺北公會堂，便將布政使司衙門拆除，將其中一部分建築移入圓山動物園（今臺北兒童育樂中心昨日世界）及植物園保存。如今只剩植物園內的的籌防局門廳、布政使司大堂與部分廂房仍保持完好，也是全臺目前僅存的清代衙門建築。戰後，此建築被臺灣省林務局林業試驗所作為林業陳列館使用，由行政院農委會管轄。1985年內政部將其指定為國家二級古蹟，這座臺灣僅存的衙門建築，格局宏整，室內高敞，表現了清代官衙之威嚴與氣勢。資料來源臺北市政府觀光傳播局「布政使司」是清朝時期的省級行政單位。1887年臺灣建省後，設立了臺灣布政使司，是全臺最高行政機關。當時的衙門位置，就設在今天中山堂的所在。1895年甲午戰敗，臺灣被割讓給日本，圖謀自救的「臺灣民主國」總統府也設在這裡，但不幸的是僅只維持10多天，就失敗了。日本人在總督府（今總統府）建成之前，也暫時使用衙門西側的籌防局作為臨時的總督府辦公室。1931年，為了紀念裕仁天皇登基，決定在布政使司籌防局前廣場興建臺北公會堂，便將布政使司衙門拆除，將其中一部分建築移入圓山動物園（今臺北兒童育樂中心昨日世界）及植物園保存。如今只剩植物園內的的籌防局門廳、布政使司大堂與部分廂房仍保持完好，也是全臺目前僅存的清代衙門建築。戰後，此建築被臺灣省林務局林業試驗所作為林業陳列館使用，由行政院農委會管轄。1985年內政部將其指定為國家二級古蹟，這座臺灣僅存的衙門建築，格局宏整，室內高敞，表現了清代官衙之威嚴與氣勢。景點資訊適合季節:四季皆宜營業時間:週二至週日09:00~16:30，公休日：週一及春節（自除夕日起休館5天）、清明節、端午節及中秋節
"['步道', '自然']",繼「花現象山。登山熊讚」象山步道之後，從永春崗公園出來續走豹山溪步道，入口處平台上有「山之谷」解說牌。沿花崗石階上爬，山坡之間整理得很清幽宜人。下雨天來爬山，走大眾化步道路線不會自討苦吃，雨中的粉撲花及玫瑰花有些無奈，花朵紅艷含著雨珠，顯得楚楚動人。微風細雨之中，步道上忽見飄落白色小花，仔細一看原來是油桐花！時值9月竟還有油桐花開，讓人感覺花期錯亂，抬起頭仰望樹稍，沒錯，真是油桐花！還有一些含苞待放呢。四獸山步道中的虎山、象山都有完善的步道系統，而豹山、獅山只是小山頭而已。位於豹山、獅山之間的豹山溪步道，可說是位置較隱密的一條冷門路線。從花崗石階爬至木棧平台，涼亭內空無一人，指標右上是往姆指山，取左沿木棧道下來。木棧道經過雨水洗滌，感覺特別清新，四下張望全無遊客只有我獨行，如入無人之境。木棧道階梯下來，鄰近溪谷之間，虎尾蘭開出淡粉黃色一串串小花，可真是難得一見呀。平台上細看對面山頭巨岩即「豹山之脊」，對照解說牌圖文，其岩層由上而下，可區分為厚層塊狀砂岩、頁岩及砂岩三層。走在豹山溪岸，潔白的野薑花盛開，淡淡的幽香飄送入鼻，還有蟬鳴鳥叫不絕於耳。今天走了象山步道，再來豹山溪步道，後者卻是不須辛苦爬山，也能投入滿眼綠意盎然的青山綠水之中，相當愜意舒適。豹山腳下新綠地，目前正進行「永春陂濕地公園設施營造及改善工程」，預定工期為2017年9月11日，本工程完工之後，將可結合豹山溪步道，提供民眾假日親近山、水休憩美好景點。106.9.2雨
"['園區', '展覽', '歷史']","在臺北信義區的一隅，有幾棟緊緊相鄰的低矮住宅，這略顯擁擠的建築，記錄著一段舉遷來臺、屬於榮民的笑淚故事，這裡就是當年臺北市早期的眷村「四四南村」的舊址。隨著經濟發展與生活水準不斷提升，老舊的房舍不符需求，市政府原本預計於1999年將居民遷出重建，但在文化界鼓吹之下，市府將此處規劃為信義區的文化會館及文化公園，並於2003年啟用。會館內包含四棟對稱的建築，過去家戶緊鄰而居的房舍，已改為舉辦活動與展覽的開放空間，包括特展館、眷村展示館、展演館、社區館。外觀仍保有眷村低矮樸素的獨特風貌，昔日的狹窄巷弄通幽小徑，別有一番復古懷舊的氣氛，遙對著高聳的臺北地標101大樓，以及周邊的現代建築，形成一幅強烈的對比，也成為城市發展的最佳見證。這四四南村是台北地區光復後第一個自力興建的軍眷村，有台灣第一眷村之稱.1948年從瀋陽及漢陽兵工廠遷到現址，合併成「四四兵工廠」，成員可分成三個階級，將校級軍官、中階級軍士官、無軍人身分的技工.居民依照兵階等級作區分，西村住將校長官、東村住一般軍人，平民百姓的工人則住南村，整體合稱「四四眷村」.四四南村住的就是無軍人身分的技工跟眷屬.因為都市更新,在2001年12月5日四四南村進行整地，原眷村中10棟魚骨狀房舍中指定4棟建物保存規劃為信義區公民會館,又稱台北市城鄉會館,以保存及紀念眷村特有文化.為了保存眷村特有文化也規劃出公園區、中央廣場區及特展館（A館）、眷村展示館（B館）、展演館（C館）、社區館（D館）四棟館社。#01從101過信義路就是四四南村了.其實就只有幾排房舍,不難想像以前居住的擁擠程度.每排房舍牆壁上都貼了編號,阿嘉說只要是軍方編制的財產都會這樣編號.#2外牆上還保有舊式的路燈.#3眷村的房舍.看起來有重新油漆整理過.#4星期日下午的兩點到晚上七點在這裡的中央廣場有一個小小的SimpleMarket市集,聚集了一些創作愛好者來此分享他們的作品.#5廣場中央擺了幾副象棋.突然想到小時候無聊常跟V哥玩象棋,然後從來沒贏過...#6簡簡單單的SimpleMarket牌子.#7眷村前面有一大片隆起的草皮,不知道是不是將舊時兵工廠的外觀作美化?#8眷村的房舍全覽,只留下了三四排左右.在這寸土寸金的信義區也算是很大一塊區域了.#9在草皮上看101很清楚耶!跨年時這邊應該滿滿都是人吧~#10這應該是以前衛兵站哨的地方.四四南村也展示了一些舊時居民的遺物.看的出來他們的生活很苦,又不是軍官,擠在狹小的空間中只為了生存.還記得有個人留下這一段話:當了一輩子老實人,甚麼都沒得到,我把之前的舊照片都燒了,甚麼都不想記得.心理感觸良多,老老實實過活,可能到後來還是窮困一輩子,比不上那些話說得很大聲的人呢!#11阿嘉說信義之星就在後面,以前張惠妹就住這.據說旁邊的步道很漂亮,警衛之前還不准行人隨便通過,後來被市府糾正.牆壁上還貼了公告,告訴大家這邊是可以任意穿越的.但是警衛還是在那走來走去,拍這張照時又跑過來阻止我們拍照@@.不過這邊真的是很漂亮呢~#12信義之星的大樓就正對著101呢!在裡面看煙火一定很棒吧!#13走著走著回到了威秀的廣場.這禮拜是聖誕節,廣場上很有聖誕節的熱鬧氣氛.#14好大一棵聖誕樹!再4天就是2011年囉!祝大家新年都快樂!景點資訊適合季節：四季皆宜營業時間：週二～日09:00~16:00，週一及國定假日公休"
"['公園', '自然', '情侶']","""【幸福杜鵑花熊】2019台北杜鵑花季3月14日白色情人節登場，預定4月7日圓滿落幕。杜鵑花以其超強生命力，成為台北市市花。台北市政府為促進觀光休閒，自2017年開始舉辦台北杜鵑花季活動。活動地點包括台北市大安森林公園。二二八和平公園。台北市新生南路三段。自來水園區。阿文晨起有健行的習慣，台北市、新北市河濱運動場都留下足跡。近來轉移陣地，看上素有""""都市之肺""""之稱的大安森林公園。園內處處樹木成林，擁有大量的芬多精。晨起健行於大安森林公園慢跑道，意外發現正在舉辦2019台北杜鵑花季，有一份驚喜喔!3月16日，搭捷運來到大安森林公園站，踏出2號出口。迎面而來的是平戶杜鵑。還有不知名的美麗花朵。晨起運動民眾，無不感受杜鵑花的魅力。鳥語。花香。花季期間，也有精彩的古典音樂演奏。幸福杜鵑花熊粉紅登場。【幸福菊花熊】【幸福桐花熊】幸福杜鵑花熊與9種不同花種幸福花熊一起粉墨登場。【幸福紫薇熊】【幸福蘭花熊】幸福花熊，超萌身影，人見人愛，成為焦點。杜鵑花季充滿浪漫氛圍。滿滿愛情永不移，深深期結連理枝。有情人終成眷屬。幸福婚紗熊祝福你倆!【二二八和平公園】二二八和平公園的杜鵑花也許是老欉緣故，顯得絢爛奪目。【二二八和平公園】有杜鵑花加持，涼亭樓閣益發迷人。【二二八和平公園】杜鵑花叢中與知己談心是件莫大愉悅之事。【二二八和平公園】孤單的櫻花即便生命短暫，也要與杜鵑花爭奇鬥艷。【新生南路三段】杜鵑花適合種在車潮洶湧的城市中，發揮清淨空氣的功能。【新生南路三段】人行道上種滿杜鵑花，為學生和上班族帶來賞心悅目的愉快。【自來水園區】色彩絢麗的杜鵑花，捎來春天的信息。【自來水園區】?紫嫣紅的春天!"""
"['景觀', '步道', '自然']",鵝角格山位於台北市文山區木柵與新北市新店區交接處，海拔472公尺，山頂有一顆台北市都市計畫處四等三角點，編號104基石，可遠?木柵、貓空及台北市，從貓空纜車站登山口到鵝角格山頂約1.2公里，約50分鐘，步道稱為貓空越嶺步道，陡上花崗石步道至木造觀景涼亭，涼亭後為原始山徑抵達鵝角格山頂，林間綠蔭遮陽，是揮汗享受森林浴的好地方。遊走日期:2014.03.23登山口在貓空纜車站對面，入口處一對可愛石貓，吸引遊客紛紛拍照念。茶園前岔路右可往樟湖、樟樹步道的入口，取直行往鵝角格山。觀景台視野不錯，近賞茶園風光，遠望台北市區。石階路一路爬升，有越來越陡上的感覺，考驗腳力，開始有點氣喘吁吁。下山山友打氣說，快到了加油，感恩啊。石階步道的終點，木造觀景涼亭，越嶺後可通往銀河洞，循著稜線左往二格山，往右400公尺鵝角格山，都是傳統的泥土小徑。視野不錯，可惜天空灰濛濛的。稜線小徑，穿梭於林間，路況原始自然。雙扇蕨出現在地球上的歷史比恐龍還要悠久，分布於北部、南部，低海拔山脊線，多生於岩壁上。遠望二格山拉繩輔助而下，但不難走。鵝角格山海拔472公尺，台北市都市計畫處四等三角點編號104基石。往樟湖步道下山，陡下坡拉繩而下，這比走石階步道上山有趣多。琉璃蛺蝶棲息在步道上享受日光浴接上樟湖步道右可往貓空纜車站，取左往待老坑山而行。上一週單獨遊走樟樹步道及樟湖步道環狀一圈，來到這路口，不敢貿然上山頂。(岔路口回拍)樟湖步道林蔭多，沿途設置多種樂器，祈福編鐘中一旁有解說，編鐘為中國傳統的打擊樂器，在此為訪其造型的鐵鐘，敲一下許個願吧。鐘聲很響亮，輕敲一下就好，免擾附近居民清幽。岔路右下往指南路三段，左往銀河洞。(岔路口回拍)茶園風光回望鵝角格山風之木鈴，風鈴也作為樂器並融入音樂之中，輕撥木鈴，在林中與自然環境交織成輕快的協奏曲。步道內有鋪設小碎石，喜歡走在泥土小徑舒適。岔路右為樟湖步道瓦厝支線，續往待老坑山。岔路左小徑往優人神鼓，先登山頂。(註1)岔路右下杏花林杏花期已過，杏花林裡冷清清。待老坑山標高382公尺，設有三等三角點，又名德高嶺。有木棧道可往優人神鼓，看時間還早續往優人神鼓瞧瞧，走下階梯盡頭，左側小山徑可接回(註1)岔路口。平台放置木板好像是在整修，就此折返。取小徑回到(註1)岔路口再回瓦厝支線瓦厝支線走出林間視野開闊了待老坑山登山口居民種的紫藤花綻放的好美結束登山行程到樟樹步道欣賞魯冰花。搭乘貓空纜車是一種五味雜陳的體驗，既驚險又刺激，或者說也需要一些勇氣和膽量，想像自己沒有翅膀，卻能像鳥兒一樣，從空中俯覽大地，欣賞壯闊的視野，實在是一種愉快而美好的經歷。從動物園貓纜站刷悠遊卡進站，今天遊客不多，服務員詢問：幾個人？我說：1個，就安排我單獨搭乘1台纜車，纜車關門後便漸漸爬升，愈來愈高，離開地面騰空的感覺，也愈來愈強烈，雖然已經不是第一次了。搭乘纜車除了經過塔柱稍有搖晃震動外，其實是非常平穩舒適的，從車廂內望向玻璃窗外，高空俯瞰北二高車流、台北101、貓空山系及茶園，是一種很值得嘗試的體驗，雖然2008年颱風期間曾因基座遭雨水淘空，經技師公會鑑定後有安全顧慮，停駛1年多，至2010年3月30日才恢復正常營運，不過本系統的觀光價值與安全性還是值得肯定的，不論服務人員或維修人員都很盡職，配合科技儀器監測及無線通訊，為遊客安全把關。貓空纜車全程4.03公里，共設有4站，中途有2轉角站為引導鋼纜進行轉彎及動力操控，不提供乘客上下，動物園至貓空站約20幾分鐘。今天陽光普照好天氣，貓空站下車後，對面有寬大階梯步道，設有指標往鵝角格山。路旁里程樁「往德高嶺0.8K」，林蔭間寬大的花崗石階梯步道，是屬於一般大眾化路線。約3-5分鐘後，山坡間出現茶園景觀，右有叉路往樟樹步道、樟湖步道，續往上直行。離開茶園往上續走，途中有木棧觀景平台，休息一下看看風景，接下來就是一連串的陡階苦爬了。階梯步道兩旁設有護欄，綠蔭下鳥叫蟲鳴，自然生態豐富，這是屬於貓空越嶺步道的一段。仰望高大的台灣沙欏，有別於蛇木(筆筒樹)，差別在於筆筒樹的葉子老化會掉下來，留下一圈圈像蛇皮的痕跡，而台灣沙欏的葉子則是下垂還留在樹幹上，就像穿了裙子一般。從貓纜站至德高嶺距離0.8公里，約需20分鐘行程時間，此處設有休憩平台及涼亭，十字叉路直下往銀河洞瀑布，左往二格山，今天計畫路線取右往鵝角格山，然後續下切至樟湖步道回貓空站，可完成O形一圈路線。右往鵝角格山，剛進入時稍有雜草，續入林間路況漸佳，山坡間偶有出現台灣金毛杜鵑鮮艷花朵。經過竹林，稜線步道有起有落，山坡間多為芒萁分布區。約20分鐘後至一處空曠平台，地上有一顆都市計畫處四等三角點No.104基石，此處就是鵝角格山，海拔475公尺，鵝角格山，又稱鵝公髻山，位於台北市文山區木柵與台北縣新店市交接處，山頂視野良好，遠眺台北101，近可俯視貓纜車站周遭景色。過鵝角格山，急陡下切土路，攀繩而下。約7分鐘後轉為平緩腰繞路，山路小徑上聽見下方傳來幾聲鐘響，不久就看見下方的樟湖步道，步出林間。我從鵝角格山下來，接上樟湖步道，不想這麼快就回貓空纜車站，有對夫妻從步道左邊迎面走過來，面帶笑容告訴我說，前面有「祈福鐘」喔！我們等一下會聽聽你敲幾下鐘，就知道你許了幾個願喔！102.3.9晴9:51貓空纜車站→9:57茶園樟湖步道叉→10:10德高嶺涼亭十字叉→10:24鵝角格山→10:35樟湖步道叉(約2.2K)
"['景觀', '步道', '自然']",站在貓纜貓空站看三玄宮山，左側電塔就是基石處。登山口從貓空站正對面進入。走在石板路上爬升約140米。到達涼亭十字鞍部，右往鵝角格山，直行往銀河洞瀑布，取左。路面轉為土路，步行約100米，看到叉路取左上。從電塔左側繞過。就可看到北市編號63號三角點。原路退回約50米，有一遮雨棚，遮雨棚內視野很好，可以遠望台北市。貓空站就在腳下。指南宮很容易辨識。從登山口到此約800米，是登高望遠的好去處。
"['景觀', '步道', '自然']",指南宮貓空親山步道以指南宮步道、大成殿步道及茶展中心步道為主，這條以指南宮為中心主軸的步道位於二格山系西北側的猴山岳山上，是通往貓空、樟湖及二格山區必經之地。指南宮貓空親山步道從指南路三段33巷循石階拾級而上，經指南宮步道、指南宮、凌霄寶殿、大成殿、大成殿步道、茶展中心步道等，是一條親子級的親山健行路線。指南宮步道指南宮步道沿途有造型典雅的石燈籠分列步道兩旁，加上從步道入口的牌坊、途中的終南亭等，不難發現步道的興建起於日治昭和年間，有著濃郁的日式和風建築風格，極為古樸典雅而珍貴。約1200級的石階對山友來說，若想一氣呵成走完，實為相當的大考驗，幸好步階寬敞，兩旁的櫻花樹、香楠、大葉楠天然林夾峙、古木參天，其旁時而可見座椅供人歇腳，環境清幽宜人，成為登山健行、朝拜禮佛、享受芬多精洗禮的最佳路徑。近指南宮正殿途中有部份小型商店分置步道左右，也是民眾駐足休憩的最佳地點。大成殿步道步道路徑不長，沿途碎石和松木棧道交錯，路旁油桐樹林蔭密佈，四月油桐花開、五月落英繽紛，讓人感受淒美浪漫之餘，還可籠罩在陣陣芬多精飄香的氣息中，獨具詩情畫意。茶展中心步道茶展中心步道是沿崖而行的小徑，沿途可見溪流、茶園、梯田等風光，視野開闊而景觀豐富；這條步道還有一項特色是壺穴地形，接近溪谷的貓空山谷區，林相越見濃密，直下溪谷只見河床被急流侵蝕成凹凸不平的橢圓型洞穴，形似貓爪，當地居民慣以貓孔（台語發音）來稱呼這個地方，久而久之便成為貓空之名。處處見古意從前環山公路還未開闢的年代，往指南宮總得乖乖通過這1200級石階的考驗。說是有千級石階，其實細細品味這步道，既古典又雅緻，而且步階寬敞，走個百餘階就有平台可以休息、道路兩旁又不時有古樸的石椅供人歇腳，所以走完全程並沒有想像中那麼辛苦。除了老樹旁造型典雅的石椅，每隔一段路，就有成雙的石燈座分列步道兩旁。這些古韻味十足的「石燈籠」，有的設計有窗子，有的保有放置油燈的小凹槽，步道上擁有造型如此獨特的景觀，好像台北附近也「只此一家，別無分號」。從各個石燈座上的落款年代，不難發現這段步道的興建時間是在昭和年間。無怪乎從步道入口的牌坊造型，到前行不久出現的首座涼亭「終南亭」，都帶著濃濃的大和風。而途中橫跨石階、氣勢宏偉的大型涼亭則具巴洛克時期建築風格，穩若磐石的石柱造型恰如昔日指南宮在當地人心目中的地位，穩固而不可動搖。盡享森林浴步道兩旁古木參天，從終南亭到橫跨石階、如石柱拱門的大亭之間，種植著大排竹柏，有如綠色長廊。而登山口附近岔路是以香楠、大葉楠為主的天然林，還種有百株的櫻花樹，據說是整個木柵山區櫻花最集中的地方。冬天賞櫻，春天就到大成殿步道來賞「五月雪」。四、五月間油桐花開，落英繽紛散落在鋪有碎石和枕木的步道上，更覺浪漫唯美。這段路雖然不長，沿途林蔭密佈，夏季炎熱時穿梭其間特別涼爽；松木棧道和竹林散發出陣陣芬多精的氣息，籠罩在森林浴中身輕氣爽，心情也特別愉悅。陰涼的環境自然有不少蕨類植物，往指南宮的路段數量繁多，經常吸引許多蕨類愛好者來拜訪60多種的「蕨子蕨孫」。忘憂山谷間茶展中心步道和大成殿步道一樣，路徑不長，走的是小而巧的精緻路線。同樣綠意滿佈，不同的是，這條小徑的景觀更為豐富。沿途有溪流、梯田、茶園；陡峭的上坡路段途中，視野開闊的小平台可遠眺指南宮、附近的茶園和綠竹林。沿山崖而行的小徑路段，蜿蜒的路程走起來特別有趣，往回望是純然的田園農家景緻。而整片翠綠的山巒如此近距離的聳立眼前，滿盈盈的山色美景不是夢遊仙境，只是身在貓空山谷間。接近「壺穴」地形區，樹林開始越形濃密，在芬多精的護持下直探溪谷，河床被急流侵蝕成坑坑巴巴的形狀，是難得一見的特殊地理景觀。傳說因為這些凹凸不平的橢圓型洞穴形似貓爪痕跡，久而久之，大家就開始以貓空(台語發音「貓孔」)稱呼這個地方。往茶展中心的支線小徑，可直接通往某些茶藝館的「後院」。還在流連忘返之際，先找間茶館小歇，隨著鐵觀音的醇厚餘韻在喉間慢慢散發，這一路的悸動又慢慢湧上心頭，嗯，幸福就該是這般滋味！景點資訊適合季節：四季皆宜
"['美食', '餐廳', '自然']",上個月下旬原本計畫到花東地區欣賞金針花海，可惜因為獅子山颱風打亂了行程，改到中部日月潭地區旅遊，心中有幾分不爽，中部回來之後就近到汐止五東山慈聖宮賞金針花，發覺栽植面積不大，差強人意，實在與期望值差太多，真是意猶未盡呀！基於補償心理作祟，今日再到北市文山區老泉街賞花，搭乘捷運至七張站，然後花195元車資搭小黃直達慈音山莊。慈音山莊位於北市文山區老泉街26巷11號，有小11公車可達，但是班次不密集，若是要省荷包、又不趕時間是可考慮一下。因為今日天氣陰時多雲偶陣雨，天候不佳，遊客不多，覺得倒是可以很安靜的獨自賞花，隨心所欲，不受干擾。慈音山莊是一處位於貓空地區的休閒農莊，山莊內花木扶疏，寧靜宜人，提供健康養生素食餐消費服務，餐廳前有庭院造景，大樹下也設有許多休憩雅座，草地上粉紅色的韭蘭小花盛開，細雨中更覺清新亮麗，賞心悅目呢。大肚能容了卻人間多少事，滿心歡喜笑開天下古今愁，一尊金身彌勒佛皆大歡喜，凡事毋須計較太多，獨座山坡上雅座，聆聽雨聲，欣賞金黃花朵點綴在悠悠綠草之間。金針古稱為萱草、忘憂草，具有豐富的鐵質及蛋白質營養成分，金針燉排骨湯、金針炒肉絲，都是桌上的美味佳餚，金針花又稱「一日美人」，早上開、晚上凋萎。所以要採收煮食的金針，都是在未開花前採收，作為觀賞的金針花便不採收。慈音山莊利用庭院前的小山坡種植金針花，目前花開約五六成，預料一二週後盛開更佳，走在水泥小徑間近距離欣賞也是美事。金針花是兼有觀賞及食用價值的，也是花東地區的觀光產業發展和農民賴以維生的經濟收入，台灣北部地區小花海無可匹敵，今天在此也只能想像置身在玉里的赤柯山，徜徉在金針花海的美景之中。(相關遊記：玉里赤柯山‧金針花海)105.9.3
"['步道', '自然', '景觀']",今天到文山區老泉街慈音休閒山莊欣賞金針花畢，續沿產道往上行至德高嶺福德廟，木屋飲食店今日沒營業顯得冷清，此處山坡間遍值櫻花，秋天已開始落葉了，若是初春置身在此櫻花林，想必美景繽紛浪漫，從木屋小巷進入直行待老坑山步道。初為水泥小路，續枕木梯下坡，因年久失修，有些枕木已腐朽，且天雨溼滑，路況欠佳，玉山路過來途中有左右叉路可下往長春路及老泉街。枕木梯下坡之後再從相思林間爬上來，步道上雜草已有清理，約10於分鐘到達另一端出入口，柏油路產道可下往長春路。依照步道旁導覽圖往前續走產道然後右上可接員潭子坑山，但因天雨且土路多雜草，讓人興趣缺缺。續原路折返，這段步道雖名為待老坑山步道，卻是從福德宮銜接長春路產道上員潭子坑山，未經待老坑山(但另有員潭子坑山步道)。返德高嶺福德廟後，計畫再登待老坑山然後經樟湖步道往貓空纜車站，從玉山路旁右叉路依指標上往優人神鼓山上劇場。山坡間的檳榔樹現在正是開花季節，空氣中飄送著濃郁的檳榔花香。從叉路口柏油路上來約6分鐘到達待老坑步道優人神鼓登山口，寬大枕木梯陡爬7分鐘經過山坡間的優人神鼓山上劇場，此處設有露天表演平台、涼亭及觀眾區，電影《戰鼓》就是在此取景，但因常年缺乏管理維護，如今部份設施損壞且雜草叢生。離開優人神鼓之後續往待老坑山，枕木梯步道一路陡爬，細雨紛飛，爬得讓人汗水狂流，口乾舌燥，約6分鐘至上方叉路，依指標先取右約5公尺抵待老坑山。(若不登待老坑山，途中可另走腰繞路)待老坑山，又稱「德高嶺」，是由「竹篙嶺」衍義而來，有一說是昔日當地盛產竹子，製作竹竿(台語:竹篙)，此處林木遮掩無展望，碎石平台旁設有休憩座椅，地上有編號1095三等三角點基石，海拔382公尺。續返叉路前行，從待老坑山下來約65公尺旁有叉路往杏花林農莊，主線續直行下坡，林間可窺見對面山坡的梯田茶園。至品竹椅叉路取左往步道出口，經舌狀鼓，步道沿途經過桂竹林區，如綠色隧道般，但路面溼滑須小心行走。聆風亭前茶園寬闊，風光秀麗，木柵也是台灣唯一的鐵觀音茶產區，今日至此雨勢已歇，入亭內稍作休息兼賞景。由樟湖步道瓦厝支線出步道口續走指南路3段，再從迺妙茶廬前的階梯步道下來，雨後的使君子花與蕾絲金露花，特別鮮豔出色。貓空樟樹步道每逢魯冰花或波斯菊花海時節，總是吸引許多遊客光臨，現在沒有花海景觀可賞，還給山林原有的清靜，很快地就走到了貓空纜車站，今天貓空站旁還舉辦了台北親山步道音樂會，聽幾曲音樂吹奏後搭車下山返家。105.9.3
"['步道', '自然', '景觀']",旅遊日期:100.03.14天氣:晴天從指南國小旁的樟山寺步道爬起，再接樟湖步道轉至待老坑山後由樟湖步道再登鵝角格山，穿過稜線山路由貓空越嶺古道下來接茶山古道回到指南國小，全程花費約4小時，將樟山寺步道、樟湖步道、貓空越嶺古道及茶山古道暫統稱「貓空親山步道」。從指南國小爬樟山寺步道一開始就是陡上整齊的石塊階梯，一排排的竹叢及高高的椰樹相迎，穿過柏油路轉過隱身於花木林間的茶苑及咖啡屋，這是一條充滿現代潮流及鄉野情趣的登山休閒步道。樟山寺沿革誌:樟山寺初建於辛未(二十)年供奉觀世音菩薩為主神，迄今已有六十多年矣，緣在晚清乾隆初葉，先賢渡海來台，墾拓木柵地區開闢卓萃地靈人傑至嘉慶年間來者日眾生殖益繁，逐漸向山區發展，依傍山兩邊築屋定居，按各處地形、地物以定地名。由樟山寺後面的柏油路往上走，接近公路前右手邊有一指標往「樟湖山」，但沿著山路走上去卻只發現茶園，茶園頂端蓋有一間簡易工寮，未發現任何有關樟湖山的蛛絲馬跡。原路退回越過馬路有石階步道往樟湖步道及杏花林，沿著步道往上走過聚落住家經過菜園茶園，由土石路接上往待老坑山、銀河洞及三玄宮的樟湖步道。爬往待老坑山前山坡處有一片杏花林，兩次造訪皆無緣一賭其花容，花期已過杏花樹已全部被截枝等待明年再綻放花朵，明年可得抓對時間來。待老坑山標高382公尺，設有三等三角點1095號，是二格山系西伸主稜上的最高峰，又名德高嶺，此地的登山健行路線一路平坦，沿線景色蒼翠引人，大片尾稜止於新店、青潭兩溪，是條輕鬆的登山路線，而附近的銀河洞、貓空與大春山莊等，蒼綠映簾，風景幽靜宜人，是熱門的旅遊景點，其中貓空地區更是大台北地區賞夜景及泡茶的最佳區去處，待老坑山山頂四周林木雜草無展望。原路走樟湖步道往三玄宮方向前進，經過往銀河洞的叉路本有心動再走下去銀河洞，但走下去再上來至少需花費一個小時而作罷。經過幾處茶園前方出現一座三角間山，走到叉路口指標牌「鵝角格山」400公尺，在登山步道口猶豫一下要不要上去看看，只有400公尺上去看看吧！山路腰繞一段後開始陡上兼需拉繩索，山路可說相當陡峭也不只如標示牌所說400公尺，汗流浹背到達「鵝角格山」。鵝角格山海拔475公尺山頂有一基石，俯瞰貓空茶山景色怡人，眺望台北盆地視野極佳。山路可以繼續向前或原路下山再走樟湖步道，但依方向應該可以接上三玄宮後面爬往四面頭山、二格山的越嶺鞍部。方向無誤就走走看吧！沿著稜線山路鑽過竹林、穿過芒棋小徑，幾處上下山頭林間幽幽，約十幾分鐘出林間，眼前出現涼亭就是越嶺鞍部。在越嶺涼亭休息，從三玄宮上來的此段山路在此越嶺，往下可往四面頭山及銀河洞，左往二格山而右往鵝角格山。幾年前曾從茶山古道爬上來在此越嶺但後來有點迷路後又原路爬上來回指南國小，原先市古樸的石階步道相當陡，現在從貓空纜車站到越嶺處都已換上整齊的花崗石階步道，沿途也已架上護欄但原先的古道痕跡卻已蕩然無存。經過貓空纜車站進入茶山谷道，茶山谷到靠近攬車站部份也已重新鋪上整齊花崗石，靠近下面指南國小才有保留的舊石階古道。途中有一傾斜的石碑，正面碑文:「眼相球中金獅?，童子拋球轉回身，東方發永轉離宮，吉成金山氣泡強，金山土角人觀看，四面山峰看分明」，落款人是地理師白善慶，沒有年代，文中所指應是講地理風水吧！背面寫著「天理、地理、人理、心理」，慧根不夠不解其意。茶山谷到一路悠然而下，古道旁茶園、菜園、竹林、水塘等景色宜人。三玄宮步道泛指石坡坑教學步道及德高嶺產業道路段至三玄宮處，三玄宮步道實為石坡坑教學步道之延伸，由德高嶺附近產業道路又方前行，至貓空、樟湖兩產業道路交會處有涼亭一座，亭旁即為三玄宮。旅遊路線圖:指南國小12:10→樟山寺13:00→樟湖步道口13:20→待老坑山13:52→鵝角格山14:40→貓空越嶺古道鞍部15:00→貓空纜車站15:25→指南國小16:00
"['博物館', '自然', '景觀', '步道']",貓空是地名，現在泛指整個指南山里區，當地居民多為福建安溪來的張姓族親。指南產業道路環繞山區，沿線有石獅腳、樟湖、石坡坑、貓空、草湳等聚落。民國69年木柵觀光茶園成立，小型公車10路通車，遊客往往對鄰近壺穴地形的終點站「貓空」印象深刻，於是貓空漸漸成為木柵觀光茶園的代名詞。貓空地區的農業生產以鐵觀陰茶為主，綠竹筍為輔，茶葉四季都有，綠竹筍則為夏季聖品。貓空地區的步道四通八達，可通往新店、坪林、深坑等地，自然景觀和生態都很豐富。值得參訪的人文景點有樟山寺、杏花林、茶葉展示中心等，此外，每一戶製茶的農家都歡迎遊客登門拜訪，喝茶、買茶、閒話家常。地方美食茶中的高粱酒-鐵觀音茶貓空地區所生產的鐵觀音茶，是日據時代木柵茶葉公司委請張迺妙、張乃乾二位茶師，從福建安溪引進栽植。據說鐵觀音茶樹是乾隆年間，由茶農魏蔭在福建安溪發現的。魏蔭虔信佛教，認為茶樹是觀音菩薩所賜，製成的茶又沉重似鐵，故名為「鐵觀音」。鐵觀音屬半發酵茶，茶湯呈琥珀色，有弱酸熟果香，滋味濃醇喉韻佳。行家謂：「不弱不澀不是茶」，入口微帶澀味的鐵觀音更能襯托回甘喉韻，包種茶像啤酒，容易被初學者接受，鐵觀音則像高粱酒，必須要有一定的喝茶功力，才能品味出它的濃醇甘美。甜美賽水梨-綠竹筍除了鐵觀音茶，綠竹筍亦是貓空地區重要的經濟作物之一，產期為每年的5月至10月，此時上貓空喝茶聚餐，桌桌必有涼筍或竹筍雞湯。臺北市政府產業發展局與木柵區農會為了鼓勵農友種植綠竹筍及精進種植技術，自民國78年起每年均辦理「綠竹筍生產技術比賽」，此外民國80年起更以辦桌方式辦理「綠竹筍大餐品嚐會」，將當日生產技術比賽完後優勝的綠竹筍，做為綠竹筍大餐的食材。想要品嚐這甜美賽水梨的滋味嗎？那就在產季時上貓空來，或是報名參加「綠竹筍大餐品嚐會」吧！旅遊景點樟湖步道春天的茶園鮮綠可口，背著茶簍的採茶人點綴其間，是一幅悠美的茶山風情畫，在樟湖步道可欣賞到這幅畫，若幸運遇到阿嬤們在採茶，就有機會聽到「相褒」。樟湖步道由石頭、枕木構成，可連接樟山寺步道，通往政大。由張迺妙紀念館的登山口進入，上行約100公尺即可見到一片茶園，在此右轉往樟山寺方向走，右側是樟湖，左側是茶園綿延，並可眺望新店地區；通過茶園之後，兩測是次生林，地勢相當平坦，腳下好走，頂上有蓊鬱的林木遮蔭，舒適極了。清幽的樟湖步道，青蛙很活躍，時有小雨蛙、中國樹蟾高聲歡唱，路邊的小水塘，春天常見穿金色吊帶裝的樹蟾蝌蚪，兩旁的次生林間，鳥兒穿梭飛翔，綁黑色過眼帶的小彎嘴畫眉喜歡和人玩捉迷藏，有藍寶石光芒的黑枕藍鶲不時婉轉鳴唱，竹雞愛全家共遊步道上。晚春時節，有金黃色的相思樹花雨，柔柔細細的小絨球，令人難忘。若有內行人帶路，樟湖步道有一岔路可穿越次生林到達木柵的桃花源－杏花林，感受老漁夫發現桃花源的驚喜。草湳步道250萬年前冰河時期開始，全球氣溫下降，北方的植物南遷避寒，到一萬年前最後一次冰河期結束，回暖的氣候又迫使植物向山區遷移，至今仍存在的稱為「孓遺植物」，昆楠樹是孓遺植物，只分布在台灣、日本，草湳步道所在的二格山系有昆楠樹，可見此處是連植物也愛的避暑勝地。為什麼涼爽呢？因為二格山系的地理位置，受到東北季風影響潮濕而冷涼，與海拔1800公尺到2500公尺霧林帶的氣候相仿，拜氣候之賜，加上人為開墾少，動植物種類繁多，植物分布以蕨類最多，是賞蕨的人必定要來朝聖的地方，賞蝶、賞鳥的人也愛來此尋寶。白天晚上都熱鬧，青蛙、螢火蟲、貓頭鷹等各自為生活奔忙，甚至獵人也曾到此打飛鼠，射出的箭至今仍留在步道旁的大樹幹上。步道旁終年流水潺潺的山澗是景美溪的支流－粗坑溪，現在仍是指南宮的水源地。草湳多雨，夏天時的雷陣雨，聲勢驚人，山雨欲來時天昏地暗，雷聲大，雨點也大，但來得急去得快，雨過天晴，山野被渲染成一幅清新的水彩畫。登山客多在清晨或午後來此健走，腳力佳者可續攻台北市南端最高峰－二格山；攜家帶眷者多走到電信局的中繼站，再原路折返。指南宮山不在高，有仙則名。座落在猴山岳的指南宮，因為大仙呂洞賓而赫赫有名。早年稱「仙公廟」的指南宮，建於1890年，是一個集儒、釋、道的宗教聖地。本殿指南宮供奉的是孚佑帝君－呂洞賓、凌霄寶殿主神是玉皇大帝、大雄寶殿供著泰國來的釋迦牟尼、儒家的孔子住在樸實的大成殿裡，這些依山而建，雄偉華麗的宮殿廟宇，加上數十戶居民，形成一個寧靜的小小山城。山城的自然景觀隨四季交替，總是新鮮美麗，人為的宮殿廟宇卻不免歷史悠久，沉澱許多歲月痕跡，想要表現它，適合用油畫來處理。就像古老的油畫也適合掛在現代建築裡，傳統與現代的融合在山城裡從來不是問題，「晨鐘暮鼓」現仍是早晚４點兩個時間的標記；設在指南宮的纜車站，讓古蹟和現代生活零距離。昔日的指南宮是喧鬧的，慕名而來的信眾太多了，所以有許多步道通往指南宮。最主要的參拜步道，入口處在指南路三段巷，由牌樓開始拾級而上，全長約1.2公里，階梯狀況極佳，寬約4公尺，兩側有許多寫著「×××敬獻」的石燈籠，從日據時代到民國，隨著年代不同，造型各異，非常有趣，值得有心人深入研究整理。到指南宮切記要安排足夠的時間停留，因為指南宮腹地廣大，景點不勝枚舉。秋天時有一美景不能錯過：在夕陽西下時，站在凌霄寶殿望著南天門，漫天霞光之際，彷彿自己得到兩位門神的允許，進入神仙的宮殿裡。茶葉古道在地人稱「拖板嶺」的茶葉古道，是昔日樟湖地區居民的保甲路，茶葉、木材等從此路運下山，生活必需品由這裡挑回家，就學、就業、婚嫁必經此路。68年指南產業道路通車，取代了運輸功能，現在就只有農人、健行者在使用，目前的起點在指南國小，終點在三玄宮。全長僅１公里的茶葉古道，似一幅精緻的鉛筆素描，路況十分良好，途中有一段取自當地砂岩舖成的階梯，質感特別好，走在上面可以看到採石時留下的斑斑鑿痕，值得駐足凝望。茶葉古道距離雖短卻很精采，沿途有改植綠竹筍的梯田、茶園、野薑花、相思樹林......等，既有田園景緻，又有自然風光。動物生態亦十分豐富，蝴蝶、青蛙、昆蟲、鳥類、蜥蜴等樣樣齊全，最特別的是，宮崎氏澤蟹，它可是台北盆地近郊才有分佈的螃蟹喔！推薦冬天時來走茶葉古道，最好由指南國小向上走，體會昔日居民回家的辛勞，並藉著自然放慢的速度，仔細觀察沿途景緻和生態。到山上後，找一戶農家聊天喝茶，多愜意啊！品茗時若有古箏行雲流水般的樂音相伴，更是幽雅之極，回程直接在三玄宮搭纜車，完成一趟從原始步行到摩登纜車的交通旅程。資料來源台北市政府產業發展局
"['步道', '自然', '花海']",有一首膾炙人口的老歌....天上的星星不說話地上的娃娃想媽媽天上的眼睛眨呀眨媽媽的心呀魯冰花家鄉的茶園開滿花媽媽的心肝在天涯夜夜想起媽媽的話閃閃的淚光魯冰花...也曾改編成哀怨感人親情電影！雖然天氣又溼又冷，雖然搭貓空纜車又貴又驚，但是看到貓空樟樹步道彩雲亭週遭盛開的魯冰花，在大地鋪陳出金黃碧綠花海，也算是值回票價，天氣的溼冷也還好啦。(PS:貓纜從動物園站至貓空站全票120元，班次密集，若搭小10及棕15公車至貓空纜車站，雖票價便宜，但差不多1小時才1班。)貓空樟樹步道的魯冰花主要分布在彩雲亭/明鏡池一帶，據說是全國最大的魯冰花海，而魯冰花有三色：藍紫色/白色/黃色。今年來這裡看到的清一色都是黃色的，不知道哪一年北市大地工程處可否考慮改推出藍紫色或白色魯冰花海？也許更浪漫吸睛！藍紫色魯冰花與黃色魯冰花截然不同，看起來更為夢幻、浪漫。(PS:上圖為2014年照片，詳貓空樟湖步道、魯冰花、小天空步道)彩雲亭下方就是明鏡池，水車、水牛和白鷺鷥，簡單、簡約、簡潔的元素，加上金黃碧綠的魯冰花海，那賞心悅目的自然容顏，任時光在指尖分秒流逝，遠山雲霧飄渺，無盡春色纏綿悱惻，只願把握這一刻的戀戀情愫。彩雲亭附近的梯田依春秋兩季，分別種植魯冰花與波斯菊做為休耕作物，當花朵盛開時，好像是為樟樹步道舖設了色彩多變的地毯。初春時節，位於台北貓空的樟樹步道，當微風吹拂，一串串金黃風鈴隨風搖曳，若不是這夭壽寒冷的天氣，寧願沉浸在這美麗花海！數大就是美，美得令人駐足屏息，美得淋漓盡致，美得賞心悅目，美得無以復加！原來，細雨紛飛，撐傘賞花，也很讚滴。據載，《魯冰花》完成於1960年春天，是鍾肇政先生第一部獲得報刊發表的長篇小說，描述出生於貧窮家庭的兒童的懷才不遇故事，作者以「魯冰花」為題，覺得魯冰花不能算是花，不會被人種在花園裡欣賞，就像窮人家的天才畫家，作品後來得獎了，人已不存。說是「魯冰花」謝了，留下的種子，明年又會開出一片黃色的漂亮花朵，來點綴人間。魯冰花的花期約在每年的三月初至三月中旬，今年受到一波波寒流影響，花期約晚了1-2週，最近已進入盛開期，民眾想要欣賞山中這片壯觀的梯田花海，可要把握最後1週了。105.3.25
"['步道', '自然', '景觀']",從汐止騎機車至南港轉研究院路直行，然後右轉南深路至深坑，再一路騎上阿柔洋產業道路到達貓空。貓空纜車站早上8點多沒啥遊客，9點才開始營業。有很久沒來貓空了，今天專程來這裡「貓尋寶」，隱藏在貓空地區樟樹樟湖環狀步道10個拓印點等待遊客來尋找。為了獎勵趣味，並且鼓勵大眾爬山運動，凡是完成拓印3個，可換贈1個L夾，如果集滿全程10個拓印，全套4款L夾送給您。拿到拓印摺頁後開始尋寶貓咪家族，在木炭窯完成第1個「勤奮貓」拓印，繼續樟樹步道前行，秋天的芒花放射狀盛開來，妝點在藍天白雲的無限秋意。來到彩雲亭及明鏡池，完成第3個「農村貓」及第4個「悠哉貓」拓印，心中有點納悶，為什麼漏掉第2個「豬豬貓」？沿著步道前行，經過茶園土角厝，找不到豬豬貓，心想已經完成3個拓印，可換1個貓L夾，但卻想拿到全套4款L夾，於是繼續尋找。在一處造型旋轉穀倉涼亭，發現第5個「豐收貓」。主辦單位原本在拓印處都備有2B鉛筆的拓印工具，方便遊客拓印，但是偏偏社會上就是有缺乏公德心自私的人，竟把拓印工具拔走，幸有善心人士就放了一塊火炭木材給人拓印。第6號的「宅宅貓」位於三墩石博物館叉路處的紅磚厝內，牆壁上還有昔日農民的雨衣，取山棕製成的「簑衣」。經樟樹步道口再往樟山寺方向，叉路處轉往指南茶路瓦厝登山口爬上樟湖步道。樟湖步道經過民宅區上爬之後，置身山坡間茶園，頓覺陽光普照，涼風徐徐。山坡間的茶樹綠意盎然，白色的小茶花清新脫俗，蝴蝶飛舞，走在步道上隱約可以聞到淡淡的茶香。茶園步道山坡上有一處「聆風亭」，第7號的「貴婦貓」位於亭內。在聆風亭休息片刻，欣賞茶園風光之後續往前，步道轉入竹林之間，深覺恬靜幽雅。山林之間沒有車馬喧囂擾嚷聲，唯有蟲鳴鳥叫悅耳音，滿地飄落的白色大頭茶花，更顯詩情畫意。漫步清幽空曠的碎石路步道，來到品竹椅，此處有第8號的「君子貓」。遇叉路轉左上往貓空纜車站方向，空曠林間陽光穿透林梢灑落步道上，五色鳥歌唱咕咕咕鳴叫此起彼落。貓貓家族第9號的「莫札特貓」位於樟湖步道「森之琴」，步道旁有一座「樂器之玉」木製造型鋼琴。再往前走過「風之木鈴」，沒發現第10號萌貓，原來「福氣貓」是位在往鵝角格山途中的幸福鐘處。直行樟湖步道過鵝角格山叉路，從茶園下來，返往貓纜車站方向，叉路口有可愛造型貓咪，看一下我的拓印摺頁，還是少了2號的「豬豬貓」。經過火炭窯，原來2號的「豬豬貓」，是位在下面的茶香豬舍內，呵呵...拿著完成的拓印摺頁到動物園站，主辦單位蓋上紅色的「完走認證章」，並贈送全套4款模樣超萌的貓貓家族L夾！此行全程約有3-4公里，步行約需90-120分鐘。103.11.28
"['園區', '自然']",茶葉推廣中心全名為「台北市鐵觀音種茶研發推廣中心」，這裡收藏、展示有各式茶具，以及文山區木柵一帶鐵觀音、包種茶的製造過程和選購要訣，另外還有不定期舉辦的品茶、製茶研修活動。到附近踏青時不妨進來逛逛，看看這棟古色古香的展場，或坐下來眺望前方山林風光。展場旁設有水土保持教室，有興趣參觀者不妨事先聯絡，館方可安排人員導覽、解說區內生態水池、植生草與茶園生態等。營業時間：09:00～17:00／週一公休
"['夜景', '步道', '景觀']",位於貓空明德宮正前方的登高步道是北市大地工程處於2013年底新闢完成的步道，雖然號稱是北市最短的步道(單程約僅1-200公尺)，卻是一條精緻又迷你的櫻花步道，新栽種的櫻花有的已經在步道兩旁嫣然綻開。登高步道採仿枕木框架碎石階梯設置，之字形緩上，至小山頭處設有觀景台，此地涼亭為倒L形設計，名為「望遠亭」。這雖然是一條很簡短的步道，當夜幕低垂時，卻能欣賞北市無敵夜景，若是101有機會再施放煙火，這可是絕佳觀景點呢。今天再度造訪貓空杏花林，回程已近黃昏，從登高步道下來之後，續轉樟湖步道往貓空纜車站，熟悉的路線，黃昏的夕陽下，有鳥叫蟲鳴陪伴遊子踏上歸途。步道途經一處「森之琴」，貓貓家族第9號的「莫札特貓」位於樟湖步道「森之琴」，步道旁有一座「樂器之玉」木製造型鋼琴。木琴之上有樂譜，曲名為「雨滴的舞蹈」及「春之歌」。碎石路步道稍有起伏，山坡間涼風徐徐，經茶園，有叉路可續往銀河洞步道，直行往貓纜站，續有右叉可登鵝角格山，此處有貓尋寶之貓貓家族第10號的「福氣貓」，祈福編鐘的垂繩已失，不知是否整天有人敲鐘太吵，而被附近居民剪去...但是來到這的有心人士，豈能不敲一下幸福的鐘聲，於是就有人就地取材，放了一根2-3公尺的竹枝備用，照樣是敲的鏗鏘有聲~~~104.2.14
"['步道', '景觀', '自然']",茶香環狀步道是由４條步道組合而成：健康，茶展中山心，壼穴，小天空步道。是以茶鄉文化、壺穴地景為特色，打造一條好山好水好風情的景觀步道。可由茶推廣中心的「健康步道」走起，接茶展中心－壼穴－小天空步道。環狀一圈約2小時。壼穴及小天空步道坡度小算是輕鬆型，健康及茶展中心坡度起伏大算是小挑戰型。沿途景觀各有特色，（很推～）推薦親朋好友來走走唷。▲茶展中心登山口。下坡後可以到壼穴平台。▲來到叉路口的指標。如果是走環狀路線，不管由哪個方向開始都會繞回到叉路口。▲壼穴吊橋（三角吊橋）。（從土地公廟到壼穴景觀，步行約８分鐘）。▲迷你吊橋。吊橋不長，但僅一人寬度，晃動很有感，會怕的人最好單獨走。▲溪流。休息片刻，聽聽沁涼的流水聲。▲休息區。可愛的熊貓與貓咪座椅。往前沒有路，需原線折返，回到剛來的叉路口。▲壼穴。壼穴的形成是因湍急的溪水在長年沖蝕下，在河床石頭上留下一個個圓形洞穴。而這洞穴也是貓空地名的由來，因壼穴的圓形洞穴很像貓爪留下的孔洞，以前閩南語稱為ㄋㄧㄠㄎㄤ，用中文讀音譯為「貓空」。▲壼穴步道。走在壼穴步道上，看不到溪流但沿途可聽到流水聲，且步道旁有茶園可欣賞。▲茶壼亭。（叉路到茶壼亭，步行約８分鐘）走出步道口看見茶壼亭，代表壼穴步道終點到了。右轉可接小天空步道。▲貓空意象－泡茶，貓攬。▲小天空步道。▲小天空步道觀景平台。不用透過相機或手機的超廣角，將近270度的圓弧觀景台，就可現場體驗超廣角視野。小天空步道在產業道路旁，也可當做旅途休息站。▲小天空步道觀景台。（茶壺亭到小天空觀景台，步行約１０分鐘）。▲茶園。▲小天空步道（木棧道）。▲土地公廟。（小天空觀景台到土地公廟，步行約５分鐘）。從小天公步道走回土地公廟，往左走健康步道。▲健康步道的涼亭。▲山坡茶園。▲健康步道（石階）。▲木雕松鼠。回收舊有木棧道材料，設計為可愛松鼠木雕。▲百年老牛樟。除了老牛樟，這一條步道還有壯闊的真柏樹海。▲陡階像是溜滑梯。▲通天棧道。彷彿從鬱密森林走出。▲溪流。▲小瀑布。▲子善茶園登山口意象。（健康步道到子善茶園登山口，步行約４０分鐘）▲一心二葉意象欄杆。▲長虹橋。▲陡階。▲農村時光意象牆（稻）。▲農村時光意象牆（茶）。今天天氣不好，來到貓空樟樹步道彩雲亭/明鏡池欣賞魯冰花海，覺得意猶未盡，而且搭貓纜上來有貴的，只看魯冰花似不夠本，加碼茶香環狀步道走一圈。從貓空纜車站往左行約1.2公里/15分鐘到達茶展中心登山口，先從土地公廟的右邊階梯下來。貓空茶香環狀步道是由「健康步道」、「小天空步道」、「茶展中心步道」以及「壺穴步道」，串連而成的環狀步道路線。土地公廟下來之後叉路先取右往壺穴步道，設有觀景台，三角繩橋跨越指南溪可至對岸，撐傘過橋細聽風聲、雨聲、潺潺溪水聲。繩橋彼端設有貓咪及熊貓造型座椅，也有「貓空」由來的解說牌。原來「貓空」與「壺穴」其實也有很深的淵源呢！因溪谷中的地質鬆軟，溪水經年累月的沖刷，在岩石中以漩渦狀的侵蝕，形成少見的「壺穴」地形，本地居民則稱為「皺穴」，閩南語的發音為「了空」，寫成國字就成了「貓空」，為本地貓空地名的由來。若是炎炎夏日來此嬉水，肯定清涼又消暑過橋後續有碎石步道沿溪行，可惜走沒多久已無路，見豎一立牌「未完待續」！無奈！只能期待，原路折返。返回叉路口依指標往長虹橋方向，沿途可見茶葉製造過程：炒青、布揉、解塊、培火、茗茶等圖示，另一端接過來是稻米栽種過程圖示，讓遊客遊山玩水之餘，也認識一下當地的人文歷史背景，達到寓教於樂的目的。接著參訪隱身小徑裡的神祕小廟「石神廟」，拾級而下約300梯可至充滿日式風情的「長虹橋」，之後扶著「一心二葉」的意象欄杆，可至「觀瀑亭」小憩聆聽溪流潺潺。過長虹橋再往前行，隆隆瀑聲迴盪山谷間，花崗石階梯下往觀瀑亭，水量充沛如千軍萬馬奔騰澎湃洶湧，非常壯觀。出子善茶園登山口後，往左下方過橋，駁坎上有大型的「茶香環狀步道導覽圖」。之後再沿著地面指標轉至健康步道，遠眺壯觀山景，然後爬上穿過鬱密森林的通天棧道，不時歇喘回首時，開闊梯田風光映入眼簾，木棧階梯陡峭爬上，行走林蔭間，遇叉路分別往茶展中心及土地公廟，今天逆時針方向O形一圈，往土地公廟方向一小段平緩，然後石階步道爬上來，經過「健康亭」，續走水泥路返回土地公廟。造訪「茶香環狀步道」體驗山林漫步的快意，可搭乘貓空纜車至「貓空站」，出站後左轉，沿著指南路3段38巷往天恩宮方向，步行約15分鐘可抵達茶展中心對面步道口，或搭乘公車小10、棕15至貓空站（茶展中心、小天空步道）。
"['步道', '親子', '景觀', '花海', '拍照', '農場']","來到木柵貓空不只可以喝茶、賞景，貓空山上有不少的登山步道，是週末假日在台北很適合出遊與走走的地點。其中最受到歡迎的可以說是輕鬆好走的樟樹步道，步道長度約1200公尺，單程約半小時就可以走完，再加上步道坡度平緩、起伏不大，遊憩設施完善，是貓空步道中非常熱門的一條。樟樹步道的入口有好幾個，如果是選擇搭貓空纜車上山的話，從貓空纜車站出來後，按著指標走個約5分鐘就可以到達樟樹步道的入口，實在非常方便。樟樹步道入口之一。如果是開車從政大後山的方向上來，過了樟山寺附近也有一個入口，我們上次來貓空走步道就有經過，不過那次因為光從政大爬上貓空就已經花了很多力氣，後來就沒有走樟樹步道，其實樟樹步道算是貓空上非常平易近人、路程不長又好走的步道。沿著鋪設平整的石階梯步道往下方的茶園走去，就可以通往樟樹步道。貓空山上的視野良好，由上往下俯瞰茶園以及步道，天氣好時遠方還可以看見臺北盆地的景色。樟樹步道沿路除了設有觀景涼亭、蓄積雨水提供農作灌溉的生態水池還有一些舊有的農村設施，可以說是一條寓教於樂、非常適合一家大小來走的步道。樟樹步道以古樸的農村風情為主題，如相思炭窯、豬舍、牛車、茶園、埤塘、穀倉、土角厝、茶園、菜園等等，只要走一趟樟樹步道，通通都看得到，遊客來到這裡可以一窺古早懷舊的農村生活情景。農家豬舍，裡面有4隻小豬，供遊客回味昔日的農家生活，一旁還有製茶爐灶、機械等等，不難想像茶農揮汗焙火製茶的農村情景。在春天天氣逐漸轉好、溫度變暖的季節，貓空上的樟樹步道，還開了為數不少的魯冰花。一層一層像梯田一樣開滿魯冰花的茶園，就是春天的樟樹步道最吸睛的景色。其實跟油菜花有相同作用的魯冰花，是種來做綠肥用的，貓空上的魯冰花就是為了肥沃茶園的土地而種，每年進入三月之後魯冰花開始開花，我們三月底來已經接近花謝的時間，開花的盛況沒有像前兩週那麼壯觀，只剩下一小區塊的茶園裡魯冰花開得比較密集，但還是很漂亮耶。在茶園裡的魯冰花，因為配合茶樹而栽種，整整齊齊的一排一排與茶樹交錯著，黃澄澄的花朵替休息中的茶園帶來不少活潑的色彩與生氣。魯冰花據說有蠻多種顏色，但我們那天只有看到最醒目鮮艷的黃色，長長的花形一層一層往上開成一串花串，開得愈多層愈漂亮。天氣逐漸轉好的週末假日，上貓空看花的人潮還真不少喔。旅遊日期:100.04.06天氣:晴天樟樹曾經是台灣重要的天然資源，全株具有芳香的樟腦味，「伐樟取腦」在清領與日據時期是重大事業，都由政府成立獨佔的機構負責專賣制度處理。樟樹也是普遍的行道樹與景觀樹，名間至集集間的綠色隧道主要就是樟樹，樹幹上樹皮不規則縱深裂的紋路，據說就是樟樹名稱由「刻劃如印章的紋路」轉來的依據。樟樹是常綠喬木，它的常綠不是不落葉，而是春天新葉長成後，去年的老葉才開始脫落，所以一年四季都呈現綠意盎然的景象。1到4月是花朵盛開期，花混生在新長的枝葉間，南部的樟樹先開花，漸往北部蔓延，一般將1到2月開花的稱為「老樟」，3、4月開花的是「芳樟」，這只是樟樹不同品種的區分。樟樹的花很小，直徑大約只有0.7cm，排成圓錐狀花序，花雖小但盛開時整棵樹被黃綠色的小花和幼葉所覆蓋，令人眼睛為之一亮，所散發出的香味令人心情愉快。木炭窯結構:窯體=石頭圓形排列疊高，並以土漿固定。窯龜=木柴堆高成圓弧形。窯厝=保護窯龜免受風吹雨淋之棚架。窯門=堆木柴及取木炭進出口。燃燒室=生火產生高熱送至土窯內加溫。木炭的功用:燒木炭是古老的地方產業，由於農村生活清苦無法購買木炭，炭窯製炭因然產生，除了自己使用外還可以外銷，因此早期滿山遍野種植相思樹作為燒木炭的原料，而用相思樹及龍眼樹燒製而成的木炭質地堅硬耐燒，是烘培茶葉最主要的炭火。豬舍:早期的農村古厝多設有和住屋相連的豬舍，緊鄰住屋的左側或右側最為普遍，用石塊或磚塊堆砌為牆與灶房相連，主人可直接由石條圍成的洞口餵飼豬隻，豬槽則用石條刻槽，作為豬食容器。豬舍建築較為簡陋，圍牆低矮並加設餵食孔，搭設構造簡單、通風良好的單斜茅草屋頂。早期豬舍與人們生活緊密結合，無論生活、經濟飲食、祭祀....等等，於都市化的今日，豬舍幾乎傾頹廢棄，唯有少數存留下來為早期農村生活做見證。水牛兮夢詞曲:鍾弘遠遠遠一排草茯黃昏金金真正惰近近來看田莊煙筒當在出火燻日頭已經欲休睏白鷺鷥怎樣沒看到你月嘛已經欲休睏白鷺鷥呀怎樣沒看到你緊返來緊返來水牛在等待水牛在等待入瞑若作夢有你真正讚白鷺鷥呀伊真孤單阮嘛孤單你奈不知呀你甘不知水牛在等待生態池旁放置牛車示意農村景象，緊接著山谷地帶生態景點，會讓人不自覺的放慢腳步，放鬆心情，優游樟樹步道、張家村。生態池在炎炎夏日讓人有一消暑氣的感覺，是步道上的中心地帶，至此可以漫步到村鄰野舍吃古早飯或續遊張家村。樟樹步道春耕圖:現在耕田已都改用「鐵牛」而非活生生的「水牛」，震耳欲裂的引擎聲讓人逐漸忘記農人腳踏犁車手持竹編吆喝水牛前進的叫聲。貓空纜車站往三玄宮前進，經玉茶園後既展開樟樹步道人文+生態步道之旅。往貓空紅區方向前進，對於早期茶山發展的人文脈絡與茶園生態可一覽無遺。相思木炭窯設置在貓空纜車站進入紅區的最前端，主要是要呈現早期茶山的茶業需要大量木炭來供應炒茶、烘培等，在木炭禁採時期負起大台北地區民生用柴的供應，為讓遊客了解木炭製程，特別設置傳統式木炭窯供民眾參觀。石頭厝呈現早期農村住家邊另配有豬舍景象，石頭厝豬舍後方是樟樹步道起端，全長1100公尺，至三墩石博物館下方百年樟樹群一帶。步道沿途可眺望大台北盆地，兩旁各品種的茶樹遍佈，有正欉鐵觀音、青心烏龍、六季香(俗稱四季春)以及台茶27號(俗稱金萱)等，是了解茶樹最佳的野外場地。步道上的土塊厝，一旁的菜棚架上還有殘留下來的菜籐尚未全部枯委，土塊厝屋頂的瓦片是新鋪設的，屋前的泥土小路上墊有幾塊石塊當踏板，屋前屋後盡是果樹菜園，不過也大都已經荒廢，只有少部分田地上種有青菜，這是「那伊村菜園」種有高麗菜、菜頭、韭菜等。紅磚牆上吊著農夫的斗笠蓑衣，這是台灣早期農家的必備雨衣，那時沒有塑膠雨衣(就是有也買不起)，所以每戶農家都有此種穿起來笨重又會刺癢的簑衣。屋前吊在竹竿上的是「曬鹹菜」，農家在冬天菜園青菜減少，故在季節時將多餘的青菜鹽漬後曬乾，在將其放入甕中或塞入玻璃瓶中保存，在冬天時將其取出與肉類伴炒或下湯食用。樟樹步道約1100公尺全程已鋪設花崗石步道，步道中有叉路穿過樟湖聚落間的山坡地，沿途古厝、茶園、菜圃、老樹、池塘及土地公廟，處處洋溢著濃村的田園景象，途中更見有供遊客休息及觀景的涼亭與觀景台等。步道上風和日麗，周遭田野風情，一陣陣淡雅的清香迎面吹來，是那熟悉的柚子花香，白色的有花開滿柚樹枝頭，那淡淡香香的味道是那樣的熟悉與迷人。樟湖步道上的福德宮，有詩約:樟湖古道墾荒蕪、三石屏障戶神爐，感恩建廟還誓願、承志擴建祈永福。樟樹步道穿過竹林與茶園上接樟湖步道，山坡茶園的「採茶樂」。位於平台所在的東北方、圓球形小山丘名為「獅頭山」，因西側山崙邊突出一塊白色岩石狀似獅形，當地稱之為「獅頭頂」，而此山脊延伸至近樟山寺之處，現地則稱為「石獅腳」，因如此山景、奇岩再加入人們的想像情境，如同石獅戲球而得名，亦為當地塑造特有的人文景觀。旅遊路線圖貓空樟樹步道的魯冰花,屬於豆科植物;品種源自日本,正確名稱為黃花羽扇豆;為一年生的草本植物,因其根部具有瘤菌;能夠吸收利用空氣中的游離氮,栽種魯冰花有如施用了氮肥;其固氮能力超強,是有機農業土壤改良;最佳田間的綠肥作物!前往台北市文山區貓空樟樹步道的路線,此行完成搭乘大眾交通工具;由新北市樹林區搭乘火車至台北車站,再轉乘象山段的捷運;抵達捷運終點的動物園站,接著搭乘貓空纜車至貓空站;約15-20分鐘抵達終點,出站後右轉至指南路三段的茶言觀舍;右轉小巷口直行約不到10分鐘抵達樟樹步道的園區!第一次搭乘貓空纜車,心情感覺緊張又興奮;由於此行非假日,排隊約20分鐘就踏進車廂;每座台車可坐六個人,越過許多山嶺約15-20分鐘抵達貓空終點站;出站後前往樟樹步道,開始欣賞金黃色的魯冰花!貓空樟樹步道,位於文山區南路三段;不到10分鐘抵達右側方的茶言觀舍,有明顯指標走右側步道;幾分鐘之後抵達樟樹步道,一眼望去整個山谷呈現金黃色彩的魯冰花美麗的花海!來到第一個景點欣賞與拍照,魯冰花金黃色彩也是夫妻倆第一次親眼看到的;此地是台灣獨特的魯冰花金黃花田,樟樹步道是近年來;貓空山區最熱門的步道!2011年相關單位推廣栽種魯冰花的種子,春天終於讓幾乎絕跡的金黃色魯冰花風華再現;走在步道中可以欣賞亮麗的魯冰花,每到綻放花朵的季節;伴隨金紅色彩的花田,令人充滿浪漫悠閒!魯冰花可以幫助茶葉健康生長,並且讓茶葉具有芳香甜美的作用;花謝以後能夠肥沃土地,使茶樹長得更加茂盛;魯冰花呈現金黃亮眼,提供遊客欣賞與拍照;又可以當茶肥!來到步道處處黃澄澄的魯冰花田,令人心花怒放;位於貓空樟樹步道,是近年來非常熱門的賞花景點;魯冰花的金黃與綠樹,相映交織著田野的風光明媚;梯田層層而上,遠望魯冰花開滿遍野金黃色彩之美!仔細觀察發現魯冰花的花朵,呈現立體的花瓣相當奇特;滿山遍野綻放著金黃色的花海,絢爛奪目欣賞眼前美麗的花朵;感覺非常奇特的花朵,很幸運能欣賞種滿魯冰花的梯田的景緻!魯冰花美麗的花海,是戶外拍婚紗照最佳的場所;走在步道中,洋溢著幸福的氣圍;洗滌心靈的疲憊,實為大自然美麗的景觀;可以欣賞漂亮的金紅色的魯冰花的花田!前往魯冰花園區時,人潮實在很多;請遊客發揮公德心,因為有多處栽種的花田;侵入整根魯冰花被踩毀,再者還要注意禮節;不要一直站在拍照的位置,不要影響他人的權利!來到此地深感訝異,夫妻倆也是第一次欣賞到金黃色的魯冰花;觀賞的健行步道;不僅有魯冰花,沿途有農家種植的菜園;樟樹步道的魯冰花景點,是貓空著名的魯冰花欣賞點!此行的天氣還算不錯,盛開的花朵搭配綠草與藍天;顯得非常特別美麗,途中的涼亭與湖水;使得此地充滿悠閒的氣息,彩雲亭與明鏡池;觀賞得有詩情畫意的情感,是遊客短暫休息的地方!魯冰花交錯層層的梯田,有田野般奇特的美感;不停採蜜的蜜蜂,彷彿奏出柔和輕快的交響曲;一排排的魯冰花,推疊出金黃色彩的花海;有如鋪上一張金黃的地毯!滿山遍野的魯冰花,悠遊在金黃色的步道中;是一種非常浪漫的情趣,四處充滿農家純樸的氣息;隨處可以欣賞魯冰花美麗的花海,令人心曠神怡;何況魯冰花所盛開的花朵實在非常亮麗!遠望魯冰花的花卉園區,種植在梯上一階又一階的魯冰花;顯得非常燦爛奪目,來到木柵貓空的樟樹步道;健身又可以欣賞魯冰花的風貌,此地是賞金紅色彩魯冰花的景點!當來到貓空魯冰花的景區,必須搭乘貓空纜車;行約15-20分鐘抵達終點貓空站,整個山巒呈現美麗青翠的色彩;樟樹步道美麗的魯冰花藏身其中,金黃色彩的魯冰花實在美極了!今年由於天候的異常,魯冰花盛開的花朵被打亂了;直到三月中旬開始綻放亮麗的花朵,使得貓空樟樹步道;逐漸盛開金黃色的花朵,形成壯觀奇特的花海!在魯冰花的園區裡,有擺設栩栩如生的牛車;讓年輕人認識昔日耕種田地的辛勞,更是非常熱門的拍照地點;在園區內有著明顯的指標,讓遊客知道自己現處的地方與位置!沿著步道向下抵達山谷步道不到十分鐘,就能欣賞映入眼簾的一大片金黃色的花海;在藍天之下,更顯得金黃耀眼;許多遊客進入花田踩踏,破壞此地大自然的景緻;前往時已經被踏得很嚴重!許多遊客在此休息,甚至是吃簡餐的好地方;夫妻倆也找到空位短暫休息,順便吃點所帶來的食物;每位遊客的表情呈現快樂的微笑,總是稱讚此地魯冰花的花朵非常美麗又迷人!當有了陽光照射之下,更能突顯魯冰花金黃色彩壯觀的花海;大自然的美景,需要遊客共同來維護;千萬不可一時的私心,而進入花田踐踏;才能維持賞花的品質!沿著山坡的小路,都有種植難得一見的魯冰花;可以選擇不同的步道來欣賞,近距離看著魯冰花;感覺花朵的型態非常奇妙,2016年春天樟樹步道換上了金黃色彩的新妝;營造出繽紛亮麗的花海景色!步道旁的水牛造景,以及涼亭;金黃色彩的魯冰花朵,構成一幅美麗的田園風景;沿途以古樸的農村風景為主,體驗貓空的農村生活;增添不少賞花的樂趣,環境清幽而寧靜!晴天魯冰花的園區,更加耀眼有活力;吸引許多遊客前來欣賞壯觀的花海,花朵熱鬧地綻放;有如金黃色彩在花田裡閃耀著,此行雖然慢了一星期;景色依然美不賸收!此行盛開的魯冰花,進入倒數寶貴的一個星期;喜歡欣賞魯冰花的遊客,趁連續假日來個最後的賞花禮物;樟樹步道全長1.2公里,來回時間約90-100分鐘;步道平緩景觀美麗,值淂前往賞花!景觀生態池,可以儲存雨天的積水;提供農作物灌溉之外,更有調節氣候的功能;魯冰花在溫暖陽光照耀之下,相互爭艷怒放美麗的花朵;迎風搖曳,點綴得美不勝收!前往貓空樟樹步道,非常適合踏青賞花的活動;樟樹步道的沿途,當魯冰花的花朵綻放時;整個步道有如鋪設了金黃色彩的地毯,吸引超多的遊客前來賞花;在行走間更可以品味濃濃的古早農村的風情!從樟樹步道下切,眼前滿山坡金黃色魯冰花盛開的景色;迎風而來都是魯冰花,散發出一股清香;此時是盛開最美麗的金黃色的魯冰花;處處泛著金光,黃澄澄的花海隨風搖曳;實在超級美麗的花朵!來到樟樹湖前段的平坦步道,眼前所看到奇特的洗手間;可見當地的農家非常有智慧,形成非常熱門的拍照景點;居住在都市叢林的遊客,看到特殊的景色絕對會拍照的!再次回到樟樹步道的前段,是所有景區最亮麗魯冰花盛開的花朵;貓空樟樹步道,位於樟樹湖的低凹地勢的步道;另有樟樹步道環繞在外,形成雙月般平行輝映貓空上魯冰花正是盛開期!魯冰花的型態有如一串串的立體風鈴,美麗多姿隨風搖曳;遍地的田野佈滿壯觀金黃色彩的魯冰花,沿著樟樹步道而行;立即映入眼前都是一片金黃色的花海,魯冰花綻放在樟樹步道;花朵正值艷黃的魯冰花!樟樹步道是前往魯冰花的景區,金黃色彩的花朵;映入眼簾都是一片梯田的景觀,金色光芒的魯冰花;整座山谷皆為金黃色的魯冰花,綻放的花朵形成一大片壯麗的花海!此地的餐廳為茶言觀舍,右側方的小徑是前往樟樹步道;更是欣賞金黃色彩的魯冰花,行走不到10分鐘就能抵達賞花區;平緩無障礙的樟樹步道,沿途風景優美;滿開花朵是最亮麗的時候!前往樟樹步道,欣賞金黃色的魯冰花;花費的時間超過兩個小時,主要在於細心尋找適當的角度;拍照花朵壯觀的魯冰花,在拍照的當中;一群又一群的蜜蜂不停採花蜜著,顯露魯冰花所散發的香味;吸引蜜蜂前來採蜜!折返到貓空纜車站,看到路邊可愛特殊的模型;立即拿出相機拍了下來,難得來到貓空樟樹步道;欣賞金黃色彩的魯冰花,期待明年能欣賞不同顏色的魯冰花!###貓空纜車站的附近,有不少營業的餐廳!###左側方的路邊擺設許多簡餐!###夫妻倆出門攜帶食物,已經養成習慣!"
['景點'],"今天是平日中午，人潮沒有很多呢，大部分都是觀光客，本地人反而比較少，我想應該都自己開車上去了。所以很快的，排了大約不到三十分鐘就上去了，不過我覺得真的能這麼快，是因為有網路預約的關係吧。排隊時看到的可愛大花鐘，好像看到東區SOGO的大花鐘，不過這個好像不會動的樣子。換到票囉，票的圖案有很多種，好像以前的捷運票卡喔，真是令人懷念，現在都變成藍藍的錢幣了，還是喜歡漂亮紙卡，因為錢幣太小了，好容易找不到，而且一點都不好看。這是貓空纜車的票價圖，若還是有疑問可以到官網了解哦！坐在外面好熱熱喔，幸好很快就進來了，但是站著也好累喔，真是愛碎碎念。從館內往外拍風景，真是美的像一幅畫，停車場好空曠喔，都沒有停車，想到假日會爆滿，就覺得真是太酷了。進到館內後，排隊會分為二排，一排是排貓纜隻眼；水晶車廂，名子真是美麗又夢幻，水晶車廂是指透明的底盤，除了四方透明的玻璃可以看美景，透明的底盤也可以看到好多綠油油的植物，而且整個就超酷的呀。不過膽小的妞比嚇的要死，都說不可以動來動去，但是我實在太興奮了，又到處拍照，所以屁股都在椅子上滑來滑去，害妞比都快得心臟病了。每個車廂都有好可愛的動物圖案，由認真努力的工作人員指揮上車後，就可以開始幸福的貓纜之旅囉。耶！終於出發囉，每次出站時的速度都很快，就好像拉弓一樣，迅速的飛出去後，就慢慢的、穩穩的往前飛去。有些站不提供下車，那為什麼不能下車還有站？因為這些站是射來轉彎用的，纜線不像鐵軌，說轉就可以轉的，所以就設置了這些轉彎用的小站。我覺得唯一不太好的就是，若是人數太少，就會和其他遊客坐在一起，雖然這樣子是無可避免的，為了暢通人數與效率，這些我都知道，但是當人潮沒有爆滿的時候，還是希望像摩天倫一樣，和朋友們獨自包廂，不想和其它人分享，不然我這麼愛動來動去，那些遊客肯定被我嚇死，因為車廂也會跟著晃來晃去，希望不要介意哦嘿嘿嘿…。但是這樣也是有好處的，可以認識新朋友哈哈哈。不過真的超級好笑，因為和我們坐的人，在排隊時我們一直很不爽他們，因為他們插隊，結果好笑的就是我們居然被分配同一車廂，真是冤家路窄。上面有很多小叮嚀要記得遵守哦！到了可以下車的站，門都會自動打開，您若不是要在這裡下，不要下車就可以了。一直覺得這些纜線真的很厲害，能夠承受這麼重的重量與壓力。耶！終於到站了，樓梯邊可以看到搭乘的注意事項，要記得，但也要遵守哦！貓纜公告，好強勢的公告喔，兇兇…，為了安全與搭乘，還是聽話才是對的！這是要回去買的票，超美麗的呀，比剛剛那張美麗多了！有趣的貓空之旅就這麼結束了，今天真是美好的一天哈哈哈。回來木柵之後，我們決定到附近看看。於是我們來到了服務中心，又大又漂亮呢。這裡是商品區，有賣很多超愛的東西，還有衣服等等，門口的娃娃更是可愛極了。這些花樣好像是廁所的感覺噗噗。若不敢搭高的要命的貓空纜車，也可以搭乘假的貓空纜車，黏在地板上非常的安全，不過好像被阿嬤們給佔領了哈哈哈。貓空纜車捷運公司：02-2536-3001地址：臺北市文山區新光路二段30號纜車中心：02-8661-8110服務時間：週一至週五08:30~12:30．13:30~17:30客服專線：02-218-12345(24H)纜車相關問題，請email至：email@mail.trtc.com.tw(處理作業時間約1至7個工作天，敬請耐心等候。)營運時間：週二至週四09:00~21:00週五及國定假日前一天09:00~22:00週六及國定假日08:30~22:00週日及國定假日最後一天08:30~21:00※週一為保養維護日，全天不營業，如遇國定假日則順延。官方網站：點我－－－－－－－－－－－－－－－－－－－我是分隔線－－－－－－－－－－－－－－－－－－－貓空纜車系統全長4.03公里，略呈7字型，為臺北市內第一條纜車系統，共設置4座供旅客上、下纜車的場站，依序為「動物園站」、「動物園內站」、「指南宮站」及「貓空站」，另2座轉角站為動力操控及路線彎折之用，不提供旅客上、下車服務。新的交通方式除了能讓旅客從高空俯瞰貓空茶園的景色，亦可確保貓空的純淨、完整的自然環境。為了保持山坡景觀及生態完整，也避免施工機具打擾周遭居民，人員施工時要背負重達60公斤的小型吊具、鋼架等器材到達纜車墩柱地點架設施工索道，以流籠方式運送工程物料，並以人工挖掘下鑿約7層樓的深度以確保纜車墩柱的穩固，工程十分艱辛。另外貓空纜車有2個不停靠的轉角站，主要目的為引導鋼纜進行轉彎，其中轉角2站將近90度的大轉角，也成為貓空纜車的最大特色。1.採用法國POMA公司自動循環式系統。2.營運速度每秒3-5公尺。3.單程搭乘時間約20-30分鐘。4.每車廂最大容量為8人。5.單向最高載客量為每小時約2,000人。6.車廂數147部，另有3部備用車廂。7.墩座25處，共47根塔柱。資料來源官網：http://gondola.trtc.com.tw/aboutgondola.htm圖片提供：ta.kuo310(熱血上班族)"
"['步道', '景觀', '自然', '花海', '園區']",貓空老泉里有個杏花林，每逢農曆年前後杏花盛開，吸引許多遊客慕名而來。而在貓纜車站旁有一家緣續緣景觀餐飲，周遭重瓣櫻花火力全開，滿眼花團錦簇美景。今天木柵貓空地區因為山區強風影響，貓空纜車停駛，從動物園站改乘棕15路公車至貓空，整個就是天氣好，人很少。如果不是因為貓空纜車停駛，像今天周末假日又風和日麗、陽光普照的好天氣，貓空地區肯定是遊客超多，而今天卻顯得特別寧靜，少了人聲鼎沸的吵雜，在樟樹步道旁的彩雲亭、明鏡池倒是更為幽靜美麗，仔細看看土地上也長出大片魯冰花的幼苗。樟樹步道沿途有梯田、茶園及菜園景觀，步道旁除了櫻花外，還有李花、桃花也同時綻放，雖然彼此很相似，但從花形、花瓣、枝葉詳加端倪，也可分辨出箇中差異。例如粉紅花朵、單瓣，花形稍大，花開伴綠葉，這是桃花，花落結果成桃子。經過三墩石博物館叉路處的紅磚厝內，牆壁上原有昔日農民的雨衣，取山棕製成的「簑衣」，現已不見蹤影。(照片為上次貓空樟樹樟湖步道~貓尋寶~所攝)民宅前有一大片菜園，以前有提供市民認養租地種菜，讓人們「自己種菜自己吃」，體驗一下農夫的甘苦滋味。菜園內的小番茄正由綠轉紅，一顆顆圓潤飽滿，晶瑩剔透的模樣，讓人垂涎三尺，真想把它一口咬下去。從樟樹步道口出來續往樟山寺方向走，在指南茶路親山步道瓦厝登山口叉路取左往杏花林，車道旁水泥駁坎新增貓熊彩繪，手舞足蹈模樣超萌~~~卡哇伊...杏花林入口成排的老欉山櫻花幾乎都掉光了，遊客可免費入園，今年地主新栽植的波斯菊花盛開，將杏花林的山坡土地換上了漂亮的彩妝。杏花林的杏花有三種顏色，分別是艷紅、粉紅及粉白，紅花熱情討喜、雍容華貴；粉紅溫柔婉約、惹人憐愛，那粉白杏花則是冰清玉潔、超凡脫俗，杏花花形稍大，多層重瓣，枝少花多，若問三種顏色孰美？只能說各有千秋，不分軒輊。老泉里杏花林的杏花已開五、六成了，花期約僅再持續1-2週，想要賞花的民眾須把握時間了，錯過了就只能等明年?~~~~杏花林變了，今年除了杏花之外，還有波斯菊花，另外部分山坡改種銀柳，甚至是白蘿蔔菜園，不知以後還有什麼變化呢？104.2.14旅行日期:101.02.22天氣:晴天說到杏花，宋朝葉紹翁的詩句「滿園春色關不住，一枝紅杏出牆來」。這原本是在形容花園燦爛色彩的絕美詩句，不料日後卻被用來形容婦女背叛丈夫的語句，實是始料未及。過年後各地都在瘋狂尋覓「櫻花」蹤跡，武陵農場、台中大坑甚至士林平等里及北投復興三路都是遊客心中的朝聖之地，不管假日平日都是「客客客」。如果櫻花看的有點累了，不妨換換口味，杏花如何？花客們！杏花也不錯，也需要你們的青睞及關愛的眼神，但不要小看杏花，在它們花枝妖豔的地方，尋花客也是「插插插」。木柵區待老山坑下老泉里的杏花正開著，想一睹花容的可是要快，搭纜車上貓空有公車來回接駁至老泉里杏花林，或可以走樟樹步道前往約40分鐘。今天和老婆搭纜車上貓空，經由「樟樹步道」再轉支線爬上「樟湖步道」後由稜線下往A區杏花林，沿著步道再進入B區杏花林。待老坑山稜線下的老泉里A區杏花林，是一處斜坡凹面的山谷，步道由兩面山坡凹處陡下，水泥階步道穿過兩邊植滿花開滿樹的杏花林。從此的下來的遊客較少，所以整個杏花林區顯的很幽靜，陽光從山巔斜射下來將整個山谷的杏林照的耀眼，幾個遊客在杏花林道上拍照留念，整山坡的杏花開有紅杏、白杏及粉紅色的杏花，以為背景相當漂亮。A區杏花林較為自然也較為樸拙，只有中間一條步道貫穿，兩邊山坡杏花林內並沒有明顯的踩踏路徑痕跡，所以一般遊客也少有進入杏花林內賞花，但單單只從中間的水泥步道走進這片杏花林就夠讓人駐足留連了。從A區杏花林的步道走下進入屋舍，左轉沿著水泥小產道上去一轉彎後變為石板步道，左側上去的山坡地都是杏花林。這裡就是老泉里B區的杏花林，B區杏花林的山坡地比A區緩坡不少，面積已比A區大上很多，整個B區用石塊步道區分為上、中、下三塊區域，但皆能由步道通連。B區杏花林分為三個區域，林區內的杏花樹密度比A區稍微寬鬆，杏花林內踩踏出上下左右的林內小徑，遊客可以經由這些土徑進入杏花樹下，近距離的親近杏花，讓每個遊客可以左拍、右拍、上照、下照隨處穿徑走動，在溫和的陽光下相當優閒。有時在山邊路旁或花園田野看到類似的美麗花朵綻放，一般人對櫻花、桃花、李花、梅花、杏花及蘋果花等都很難辨認，因為花朵模樣實在很像，連本人也是一頭霧水。旅行路線簡圖以「茶」聞名的木柵貓空地區，向來是台北市民眾踏青出遊、品茗休閒的好去處。而在老泉里有一處種滿杏花的山坡，也是北台灣種植杏花最多的地方，那就是《杏花林茶坊》。杏花林的主人是已經80多歲的張丁頂，由於對杏花的嬌媚情有獨衷，因此，自退休後，他便在兩甲多的山坡地上種植數千株的杏花及櫻花，每當春暖花開之際，這裡就成為貓空最繽紛的世外桃源；只要沿著夾道盛開的山櫻花往上走，便可飽覽山坡上杏花盛開的嬌美姿態。坐在杏花林下沏壺春茶，春意浪漫無邊。營業時間：09:00~19:00公休日：無消費資訊：入園參觀︰免費DIY活動︰150~200元(花季不提供DIY活動)茶葉標本製作加彩繪相框：1份150元組合盆栽：150元生活茶藝教學：1人200元茶坊品茗：1人茶水費70元烤肉區：茶水費150元，代訂烤肉用具1000元起木柵鐵觀音︰1罐2兩200元至400元草仔粿︰1份25元
"['美食', '景觀', '親子', '寵物']",基隆，一個依山臨海的城市，雖然常常下雨，但一遇到好天氣的時候，就不禁令人嚮往那天海一色的美景。今天要帶各位去的目的地是已經夯很久的基隆潮境公園，去看看那裏一片的飛天掃帚。到達基隆已經午餐時刻，找不到車位的我們看到漁娘風情小餐館可停車，不加思索，直接決定在此用餐。其實再往潮境公園裡開還是有收費停車位的啦!!不過若還沒用餐的，不妨在此用餐，吃飽喝足後就可以直接去玩囉!!(原本以為只有用餐時可停放，但用餐前我們有事先詢問是否用餐後能繼續借停，有可能當天人不多，所以老闆娘人很好讓我們停，我不確定是否都能這樣停，請依當時情況)。活跳小卷米粉，一碗90元，份量為正常一碗麵的大小，湯頭還行，這碗小卷米粉也是我們一致認為這頓最好吃的一樣，喜歡吃小卷以及米粉的朋友，不要考慮，就選這道吧。橫走螃蟹麵(乾)，一碗90元，乾麵配上炸螃蟹，價位瞬間升級但美味沒有加分太多，螃蟹肉不多，有點失望，加了螃蟹的乾麵吃過一次就好。炒飯，一盤90元，有著魚香味的炒飯，飯炒到油亮亮粒粒分明，是我喜歡的炒飯，但與小卷米粉相比，還是投小卷米粉一票。開車由長潭里漁港進入北寧路369巷後沒多久，多注意左手邊就可以看到漁娘風情小餐館。於餐館用餐的時候就可以見到無敵海景。吃飽後直接往潮境公園步行，邊走邊欣賞風景，很快的就能走到目的地，鸚鵡螺溜滑梯及飛天掃帚。鸚鵡螺溜滑梯很適合親子同行，帶著小小孩來這裡玩沙挺不錯的，當天也看到許多大朋友帶著小朋友到此一遊。飛天掃帚距離鸚鵡螺溜滑梯不遠處，登高望遠後，飛天掃帚就不那麼壯觀了，但看到一堆掃帚在草地中卻變得有趣。回家後GOOGLE才發現，我登上的可能是八斗子砲座遺跡，但我沒有爬到最上面，不太確定是否為八斗子砲座遺跡，而且這座山雖然小但其實不太好爬。近距離的掃帚，果然數大便是美。拍攝的時候，照片中這樣的人還算少，越晚人會越多。也很多朋友帶著飛盤、風箏、躲避球類來這裡玩。或是帶著寵物來散步都非常適合。這一處也是超好拍的打卡點，與基隆嶼同框，是不是不錯。天氣好的時候，來基隆看看海，心情絕對好上加好。張張都能做成明信片的風景。聽著海浪拍打海岸的聲音很療癒(看著照片的你們是否有聽到XD)。好天氣，基隆打卡放鬆趣。★★★★★  我是分隔線   ★★★★★旅行時間：2019.10.10地點：基隆潮境公園、飛天掃帚交通：搭乘台鐵至基隆火車站下車→基隆公車總站轉搭基隆市公車(103往八斗子)→至望海巷站下車→步行即可達潮境公園參考網站：基隆旅遊網 潮境公園(這是連結請點)★★★★★  我是分隔線   ★★★★★※以上均為個人食旅生活記錄，店家資訊若有錯誤以店家為準※生活不能沒有美食，我是美食愛好者but並非專業的饕客生活不能沒有旅行，偶爾的假期是我體驗生活美好的時刻內容皆以個人感覺分享，這是非常主觀的，供參考歡迎一起來愛美食、愛旅行，互動分享!!隨時隨地美食美景轟炸IG：路比食旅生活 Ruby LifeFB美食旅遊紀錄：路比食旅生活 Ruby Life謝謝各位耐心的看到最後，如果喜歡我的分享，幫我按個讚👍給個鼓勵share出去^^有任何疑問歡迎留言：)
"['景觀', '情侶', '拍照']",101大樓的第89層不夠看?快來體驗Skyline天際線460!!讓你站上第101層的頂樓戶外觀景台享受漫步雲端可以透過KKdayday做預定，詳細付款，取消政策請與KKday確認當初是在KKday找SIM卡預定時﹐無意間看到這個行程的。我自己本身從來沒有進去過101更別說是上去89樓觀景台，一直都是遠望或是路過。但身為台灣人還是要去一次101，與其只到89樓，不如順便到最頂樓看看，於是就跟男朋友預訂了這個體驗行程。預定之後會拿到QR Code，到101樓的第5層觀景台售票處隨便找一個售票員兌換實體票券。領到實體票券後，在入場前十分鐘於售票櫃台的右邊Skyline460kyline460快速通行的地方集合工作人員會合對票券跟清點人數，確定到期之後就出發～跟一般旅客一樣，剛開始搭乘電梯到第89層室內觀景台（388公尺），之後工作人員會帶領各位從紀念品店後方的另一台電梯搭乘到第92層（410公尺）抵達第92層之後因為建築結構的關係，要再度轉搭別台電梯到第93層。在第93層同樣再轉電梯到第101層(452公尺)，第101層的電梯按鈕不是隨便都能按到的阿於是大家在第101層換上安全吊繩、簽署同意書、告知稍後需要紅茶還是咖啡，並準備前往戶外觀景台。樓層內有置物櫃可以鎖上私人物品，並提供可以拍照操作手機的透明手機套。相機部分如果有掛在脖子上就可以一起帶上去戶外觀景台做使用。Ｐ．Ｓ．這一層有提供廁所的，如果臨時想上廁所也沒問題。終於在工作人員帶領之下各位走著樓梯來到第101層戶外觀景台（460公尺）到達觀景平台之後，工作人員會依序將安全繩索扣上，盡力避免任何意外事故。由於繩索基本上扣上後不能換排隊順序的關係，加上在平台上會拍攝紀念照，如果有朋友或情侶不想分開拍照的話，請在繩索扣上之前走在一起，不要擅自變換排隊位置。從最上層觀景台看過去的小巨蛋?～要說唯一的缺點是不能帶腳架或自拍棒上去，要自拍出包含風景的照片變成件高難度的事雖然89樓上面91樓也有戶外觀景台，五月天拍攝ＰＶ的地方，但是天際線460的部分可以避免人多，還完全沒有遮蔽物。從戶外觀景台下來後，需要將安全繩索歸還，在全員完成歸還前也可以自行來這邊拍張紀念照喔～背景標上了第101層，以前是只有VIP才可以到達的地方呢回到第89層後領取在戶外觀景台拍攝的紀念照跟雲朵咖啡(紅茶)以及紀念玻璃杯、瓶裝水之後就可以解散自由活動啦可以透過KKdayday做預定，詳細付款，取消政策請與KKday確認
"['博物館', '親子', '遊樂園', '步道', '自然', '景觀', '拍照', '美食', '園區']",臺北市立天文科學教育館或稱台北市立天文館，成立於1996年11月7日，1997年7月20日正式開放。地址:臺北市士林區11160基河路363號電話:(02)2831-4551傳真:(02)2831-4405服務台：分機502、514開放時間:每週一休館。週日及週二至周五：從上午九時開放至下午五時。週六：從上午九時開放至下午八時。收費標準:全票40元優待票:20元(在校學生)免費入場:學齡前之兒童。目前館內設施包括使用虛擬實境與擴增實境技術模擬太空實際場景的展示場、宇宙探險區、宇宙劇場、立體劇場、天文教室、圖書館、圓頂天文觀測室等。禹翔玩體感遊戲台北之旅延伸文章:台北-士林官邸菊展-影音圖文全記錄台北-兒童新樂園-影音圖文全記錄台北-象山步道健行與登高遠眺101台北-101觀景台.從高空看見台北-影音圖文全紀錄台北-美食之旅-阜杭豆漿.吳寶村麵包.誠品生活松菸店台北-內雙溪自然中心.[臺北小溪頭]鳶尾花.鼠尾草.薰衣草台北-內雙溪自然中心.[臺北小溪頭]藥用植物園台北-陽明山花季-小油坑.花卉試驗中心台北-陽明山花季-花卉試驗中心.茶花巡禮.拍婚紗熱門景點台北-陽明山花季-擎天崗台北-樂童樂室內親子遊樂園Fun-Kid-Fun.超好玩影音圖文全記錄台北-木柵動物園台北-中正紀念堂台北-萬華剝皮寮.周記肉粥.三六圓仔店.龍山寺台北-捷運信義線-藝術風格與自然綠意之驛站台北-捷運松山線與台鐵松山站台北-華山1914創意文化園區台北-內湖天梯.白石湖吊橋台北-貓空纜車觀景台北-松山機場觀景台.親子同賞飛機台北-圓山花博爭艷館.2016 Fancy Frontier開拓動漫祭台北-新光三越台北南西店一館.鼎泰豐.東客麵包DONQ.超市.冰淇淋.台北-植物園.南門町三二三之旅台北-植物園.荷花池之旅台北-植物園.欽差行臺之旅台北-三創數位生活園區-6F動漫基地遊記台北-三創數位生活園區-1F未來生活&2F數位潮流遊記台北-三創數位生活園區-3F觸動影像&4F創意匯流&5F流行影音遊記台北-三創數位生活園區-7F子親娛樂遊記台北-南門市場台北-士林夜市.老張炭烤燒餅.美味老麵麵食台北-中山北路七條通-肥前屋鰻魚飯.排隊美食台北-三創數位生活園區
"['步道', '自然', '景觀', '公園', '夜景', '拍照', '秘境', '情侶', '親子']",台北內湖第一名賞櫻景點！樂活公園河畔旁3公里的櫻花步道『東湖內溝溪樂活公園櫻花林』位於台北內湖市區，搭乘大眾交通、開車、騎車都很方便比陽明山平菁街或淡水天元宮好抵達100倍！故成為台北近年熱門賞櫻景點！內湖一哥搶先報2020年最新花況、夜櫻活動、交通資訊、周邊停車場目前櫻花開放約五成，(2020/02/01更新花況)依往年經驗，約莫約再1~2周後會櫻花就會盛開唷！2020樂活夜櫻季，2/2樂活夜櫻季開幕式 17:00-19:30歡迎參考分享，趁假日好天氣快去賞花快來看看海綿飽飽的介紹吧！景點資訊地點：東湖內溝溪樂活公園櫻花林地址：台北市內湖區康樂街61巷15弄粉絲團：請點我交通方式(參考東湖櫻花林粉絲團相關資訊)1️.捷運(棕線)捷運東湖站3號出口，步行約10-15分鐘，或轉乘281公車至東湖社區站2️.公車(東湖社區站)搭乘公車53、281、287區間車、630、646、903、903繞駛三總、藍51、棕19、內湖幹線、小1、小1區間車、小1區間車經康寧護專、通勤1A3️.公車(東湖國小站)203、284、629、646、677、711、896、藍36、紅2、53、281、287區間車、630、903、903繞駛三總、藍51、棕19、內湖幹線、小1、小1區間車、小1區間車經康寧護專4.自行開車走國道一號東湖交流道下，往東湖康寧路三段方向再右轉東湖路直行抵達。 走市民大道下民權東路直行右轉東湖康寧路三段，再左轉東湖路直行抵達5.停車場a. 東湖國小地下停車場(東湖路115號之1)40元/時(08：00－18：00)、20元/時(其他時段)；機車計次20元b. 康樂立體停車場(康樂街138號) 30元/時，24小時c. 嘟嘟房東湖站(康樂街61巷) 平日30元/時、假日40元/時，08：00－20：00d. 叭叭房康樂二停車場(康樂街85巷4號旁空地) 60元/時e. 安康公車調度站臨時平面停車場(五分街12號)原文：【2020內湖樂活公園櫻花】台北賞櫻推薦，河畔浪漫櫻花林，繽紛夜櫻盛開中，交通資訊，停車場(捷運東湖站)(更新2020/02/01花況)​記得幫海綿飽飽的粉絲團按讚唷！設定成『搶先看』美食資訊不漏接第一手美食旅遊資訊都在粉絲團唷不定時舉辦抽獎及優惠資訊，GO！合作與邀約，請洽粉絲團或信箱E-MAIL：z78625@yahoo.co.twInstagram ID：kk78625東湖內溝溪櫻花林的分布圖內湖樂活公園旁河岸櫻花步道長約3公里有寒櫻、八重櫻、吉野櫻、昭和櫻～首先開放的是寒櫻(1~2月)靠近樂活公園這區主要是寒櫻～接著才是八重櫻、吉野櫻、昭和櫻(2~3月)位於樂活公園馬路對面！【2020內湖樂活公園櫻花】台北賞櫻推薦，河畔浪漫櫻花林，繽紛夜櫻盛開中，交通資訊，停車場(捷運東湖站)(更新2020/02/01花況)2019台北賞櫻『東湖內溝溪樂活公園櫻花林PART 2』緋紅吉野櫻盛開中，浪漫夜櫻！交通方式(捷運東湖站)(更新2019/02/28花況)各種櫻花中，海綿最喜歡的就是「寒櫻」漂亮的嫩粉艷紅，盛開時像是一長串的鞭炮正好寒櫻的開花期是過年期間，喜氣洋洋很適合全家旅遊、情侶約會、網美網帥拍照！樂活公園櫻花林的特色就是有晚上會打燈所以可以一路從早賞花到夜晚唷！白天跟晚上賞櫻是兩種完全不同的氛圍，都很漂亮！建議下午時段前往，待到晚上，兩個願望一次滿足從櫻花林旁邊的樓梯往下走從上面跟下面看櫻花，感覺也不太一樣今天櫻花約莫開了五成，夜櫻搭配燈光很美耶！約莫再1~2周，櫻花應該就會盛開！到時候會更漂亮，海綿再來補幾張照片樂活公園櫻花林真是內湖人的驕傲...XD河畔旁還有繽紛的LED燈，形成萬紫千紅與對岸的櫻花林相稱，燈光變換彷彿一場SHOW手機隨便拍都超美，快趁假日來賞櫻吧！2020/02/04登上窩客島WalkerLand首頁！！2020/02/04登上TaipeiWalker粉絲團！！景點資訊地點：東湖內溝溪樂活公園櫻花林地址：台北市內湖區康樂街61巷15弄粉絲團：請點我檢視較大的地圖交通方式1️.捷運(棕線)捷運東湖站3號出口，步行約10-15分鐘，或轉乘281公車至東湖社區站2️.公車(東湖社區站)搭乘公車53、281、287區間車、630、646、903、903繞駛三總、藍51、棕19、內湖幹線、小1、小1區間車、小1區間車經康寧護專、通勤1A3️.公車(東湖國小站)203、284、629、646、677、711、896、藍36、紅2、53、281、287區間車、630、903、903繞駛三總、藍51、棕19、內湖幹線、小1、小1區間車、小1區間車經康寧護專4.自行開車走國道一號東湖交流道下，往東湖康寧路三段方向再右轉東湖路直行抵達。 走市民大道下民權東路直行右轉東湖康寧路三段，再左轉東湖路直行抵達5.停車場a. 東湖國小地下停車場(東湖路115號之1)40元/時(08：00－18：00)、20元/時(其他時段)；機車計次20元b. 康樂立體停車場(康樂街138號) 30元/時，24小時c. 嘟嘟房東湖站(康樂街61巷) 平日30元/時、假日40元/時，08：00－20：00d. 叭叭房康樂二停車場(康樂街85巷4號旁空地) 60元/時e. 安康公車調度站臨時平面停車場(五分街12號)【東湖美食】Piggy Stone 小豬樂石韓式烤肉 東湖店麵包劇場Alter Ego 1892二訪麵包劇場Alter Ego 1892一訪全6連霸肉燥飯【葫州美食】川老爺麻辣鍋-2訪川老爺麻辣鍋-1訪四川龍府太鼓判【南港展覽館美食】武侍酒日式居酒屋(南港店)小南港-懶人私廚北大荒水餃店餡老滿一訪餡老滿二訪餡老滿三訪【台北賞花】【2020內湖樂活公園櫻花】台北賞櫻推薦，河畔浪漫櫻花林，繽紛夜櫻盛開中，交通資訊，停車場(捷運東湖站)(更新2020/02/01花況)2019台北賞櫻『東湖內溝溪樂活公園櫻花林PART 2』緋紅吉野櫻盛開中，浪漫夜櫻！交通方式(捷運東湖站)(更新2019/02/28花況)台北賞櫻『東湖內溝溪樂活公園』2019樂活夜櫻季1/27~2/17，櫻花從早看到晚！(捷運東湖站)(2019/02/03花況)2017桐花季『新北汐止.新山夢湖』賞桐祕境/交通指南/夢湖咖啡/IG熱門打卡/新北旅遊一日遊/婚紗攝影.MV拍攝景點台北賞櫻『東湖內溝溪樂活公園』捷運直達櫻花林，夜櫻華麗豋場，櫻花從早看到晚！2018/03/03緋紅吉野櫻盛開中！(捷運東湖站)台北內湖向日葵花海『彩虹河濱公園』IG熱門打卡/網美聚集地/情侶約會/親子旅遊/麥帥橋下【台北|內湖】內湖碧山巖X白石湖吊橋X幸福同心池X百合花田(附交通資訊)(2016.06.07花況)【台北|北投】陽明山X竹子湖X高家繡球花田X水車寮步道-比臉還大的繡球花！附交通指南及收費辦法(2016-05-26花況)【新北|汐止】翠湖賞桐五月雪-北部油桐花景點推薦-爬山健行/金龍湖/交通指南/賞桐注意事項(2016.05.02花況)【新北|淡水】淡水無極天元宮吉野櫻-2016北部賞櫻趣-快抓住櫻花季尾巴來場華麗櫻吹雪-交通資訊-7-11OPEN小將X外拍小模X海綿飽飽(2016.03.31花況)【新北|烏來】新北烏來一日遊行程-北部賞櫻景點-烏來老街周邊介紹/烏來遊客中心免費泡腳/免費露天野溪溫泉/山豬肉香腸/烏來露天咖啡吧(2016.02.13花況)【台北|內湖】內湖東湖內溝溪樂活公園-東湖櫻花林-台北最方便賞櫻景點推薦-附交通資訊(捷運東湖站)(2016-02花況)【台北|內湖】碧山巖、白石湖吊橋、幸福同心池、穠舍田園咖啡～賞百合、金針、蓮花～冬天可以採草莓(內有交通資訊)(2015.05.31花況)【台北|士林】 陽明山花季-陽明山國家公園-花鐘-櫻花林(2015.03.07花況)【新北|淡水】淡水無極天元宮-台北熱門賞櫻景點-夜櫻初體驗！附交通與開放時間(2015.03.20花況)【新北|淡水】淡水無極天元宮-八重櫻搶先登場-台北熱門賞櫻景點(2015.02.23 花況)【台北|北投】北投櫻花隧道-北部熱門賞櫻景點-整片緋紅山櫻花林(2015.02.23花況)【台北|信義】信義商圈松高路粉紅櫻花林-都市遇見一片櫻花林-信義商圈美食推薦（捷運市政府站）(2015.02.08花況)陽明山平等里平菁街42號-熱門北部賞櫻景點-跟喬巴一起來場美麗櫻吹雪巴(2015.01.25花況)【台北|內湖】東湖內溝溪樂活公園(東湖櫻花林)-北部賞櫻新景點-我家門前有櫻花林唷（捷運東湖站）(2015.01.25)【海綿飽飽的美食牆&旅遊牆】【海綿飽飽懶人包。歡迎分享】台北捷運美食懶人包台北新北火鍋懶人包台北居酒屋懶人包台北餐酒館懶人包台北牛排懶人包台北日本料理懶人包台北韓國料理懶人包台北燒肉燒烤懶人包如果您喜歡這篇文章，請幫海綿飽飽按讚鼓勵，感謝您歡迎加入海綿飽飽的facebook粉絲團海綿飽飽的鳳梨城堡
"['園區', '公園', '步道', '自然', '親子', '寵物']",位於新北市三芝的二子坪遊憩區是陽明山國家公園的一部分， 雖然地址是三芝區但是從台北市過來其實非常快；整個區域包含二子坪蝴蝶步道、大屯自然公園、大屯助航站，更往前則有面天山步道跟大屯連峰可爬，可以說是非常多元化的一個景點。走著走著的老年米格魯竟然撿到了一個雞頭XD之後他就不願意放下了......自從老年米格魯搬來和我們一起生活之後就積極的尋找適合他散步的地點，年紀雖大但還是有著驚人活動力的米格魯，由於心臟不好的關係常常會非常喘，我們就希望儘量挑選平坦又涼快的地方讓他能夠盡情活動但是又不會負擔太大，二子坪便是這樣的一個地方，由於地形的關係這邊的氣溫即便是炎炎夏日仍然非常涼爽，步道兩旁的樹木遮蔭也讓行走在步道上的遊客不會滿身大汗，當然除了適合老年米格魯之外這邊也是一個很適合全家出遊的好地方。從二子坪遊客中心通往遊憩區的蝴蝶步道是一條整理得非常乾淨的山徑。穿梭在樹林之中，陽光不會直接曬在身上，即使夏天也不會太熱。來回大約一個小時左右的步道非常好走，沿途幾乎可以說全部都是平路；接著便會來到二子坪休憩區，這是一個設備完善的公園，有生態池、草坪，也有洗手間，蠻多人會在一旁的草坪席地而坐，看書或野餐。洗手間涼亭後方的就是大屯山。二子坪遊憩區與遠方的面天山。非常清靜的二子坪遊憩區是台北近郊休閒的好去處，尤其是在夏天並不會太熱而且停車場就在步道起點旁邊，如果有時間還可以順便去大屯自然公園走走，適合安排一日遊或半日遊的行程可以說是老少咸宜的景點呀！
"['景觀', '餐廳', '異國', '美食', '夜景', '情侶']",我要去看得最遠的地方｜終於來到台北隨意鳥地方101觀景用餐了 ！這次選擇隨意鳥地方觀景餐廳，讓我能從午後的美景 看到夜晚的夜景。各種驚喜都會漸漸呈現在眼前，享受義大利菜色又能看到壯觀的城市美景這是一種生活中的大大幸福滋味呀，在午後の五點半 隨意鳥地方營業就到101，當我進到電梯裡，越來越往上到85樓層時，心情也莫名其妙跟著跳動（笑）確實是美到不像話啊！更讓我從下午坐到晚上，整個～都不想離開了多久沒有看到這麼壯觀的景色啦！一直聽說隨意鳥地方的夜景很漂亮，當預約成功後，就超期待這天的到來，來吃最愛的義大利菜色 🍴光是一進到隨意鳥地方的大門後，看到這些美景簡直是驚喜交集還特別跟經理說： 下次我還要再來 ！ （喊）清清楚楚就看見信義區整個大城市，從夕陽還沒有落下就在這裡等候，邊等餐點上桌，也邊看夕陽落下的變化，好簡單又好單純的幸福 ！而且整個環境也相當適合｜求婚、慶生、節慶活動、聚會、約會 ❤️也看見好多商務客會來這裡用餐，討論公事，看著城市景色也令人安心。\有分為白天以及下午時段的隨意鳥地方，我在下午時段去到101會有專屬人員帶我們到餐廳，管理得很有隱私安全的Fu 🍜一到這裡就想到說：我要拍很多很多照片跟大家分享 （笑）所以一不小心就拍了那麼多了 👇高空觀景餐廳｜站在隨意鳥地方 處處都可以看見101最美的風景從1988年就成立隨意鳥地方，超獨特又精準的美景場合已經成為了各年齡層最愛來的餐廳名單，也是大家會選擇約會的地點喔！不單單是擁有壯觀的景色之外，也擁有堅持與新鮮食材的義式料理所有的排餐中都是精心配製好的選擇，讓我們都能夠吃到飽足感，來到這裡也不會覺得空虛，偶爾還會有小驚喜的活動呢 ！而我最愛的是在晚上七點時，在現場也會有音樂盛典（超美妙超享受的環境）不管是幾人享受用餐時光，都有最美麗的位置迎接我們｜喜歡看景觀的人可選擇景觀位子區，而且他們連化妝室都能看到景色，一進到化妝室實在是不想要出來啊，還用手機錄了影，享受這甜甜異國時光彷彿身在國外享用義大利菜色的風格，不坐在景觀位子區也能感受另一種風情。喜歡這城市透露出來的美，不管是誰到這裡都會感動吧 ❤️還沒上菜的時刻也離開了座位，悄悄走動只為了看這一大片美景 ！讓異國情調的氛圍，融化了這一整座城市，好美到了晚上更有閃亮亮的街燈城市，更有許多人的故事，坐在這麼高的樓層，卻也能看見滿滿的車流量在移動，「不管怎樣都一定要到85F吃隨意鳥地方」:這可是朋友推薦時說的！其實來到隨意鳥地方，連菜色還沒有上我就快把城市看光了很多可愛的朋友會以為我在高雄八五大樓，但完全是不一樣的啦 ！風格也很不同，在這裡能夠看見許多城市的小點綴與故事，收穫許多豐富的過程，就連我剛剛說的化妝室也很美，在亮感的玻璃窗洗手都好奢華啊～～～隨意鳥地方的菜單驚喜也是重重來的呢 ！有豐富的義大利菜色之外，更有著名的炭烤牛排，一咬就是軟嫩口感還有海鮮類是必點的菜色名單，分為不同價位的排餐系列，也能吃到不同的口感，讓義大利菜色更加的豐富選擇。當天點的是＄2680 義大利排餐系列｜還以為義大利菜色都吃少少的，結果在這裡也能夠擁有飽足感的Fu呢看來主廚對於菜色的細心研發，與堅持原味的食材，吃到的口感讓人輕易滿足啊 。瑞瑞溫暖提醒｜喝酒不行車・行車不喝酒喔！剛好很幸運的遇到：隨意鳥地方酒類有在做活動耶，立刻入手來配配炭烤牛排，整個超入味的啊！（雖然我不太會喝酒）但喜歡在有意義的氛圍下喝點小酒，這是很棒的氣氛呢 ！連挑選活動的酒類也是IPA精釀啤酒，喝起來真是順口不乾澀（畢竟是女生呀）當義大利菜送上前，會先送上現烤義式麵包 小開胃一下唷～｜一大盤的現烤義式麵包佐油蟹肉醬，沾上麵包咬起來粉入味就連餐前的麵包都特別切為三角狀的細心，而最後的蟹肉全沾光光啦（笑）這款義式現烤麵包吃起來有一點微酥感，與其他家的義式餐廳 餐前麵包大大不同，在表皮的部分，但咬勁後卻是內裏鬆軟，讓我差一點就想要再點一份麵包的說還好有忍住呀！！・ 松露奶油野菌濃湯｜特愛有松露系列的餐點，松露香氣迷人到不點都過不去是我自己特別喜歡松露香，而隨意鳥地方主廚在濃湯也下不少功夫呢 ！不單單只是一碗濃湯，就算是酥炸後的食材，也是吃起來清爽不油膩喔。・香煎帝王干貝·澳洲國王蝦｜有種變身為王后的感覺，深藏義大利老店餐廳的深處慢慢享受新鮮食材的海鮮，連一口干貝都有點捨不得全吃光，邊看美麗的美景，輕輕咬一口，飄散出的干貝香也與國王蝦結合了滋味 。・炭烤美國頂級叻眼牛排佐牛肝箘半釉汁｜保留最原始的香味，就算不調和醬料也是獨特風味這是我對隨意鳥地方的餐點評價，給予會再次來到這裡的分數 ❤️一直很期待的牛排抵達桌上，而鮮嫩的五分熟是許多人都可接受的吧（笑）我特愛這樣的風味，吃起來不會過硬又不過軟，而且刀子一劃下去立刻切開 ！超級有成就感的 👍光看照片就能感受到鮮嫩多汁的頂級叻眼牛排吧！而且上桌瑞瑞就立刻開吃的頂級牛排，大理石油花不油膩很清爽！就算切成小塊小塊一小口吃，那種鮮嫩的厚實感一下子就釋放出來 ❤️還有油筋分佈的很均勻，不會有吃到筋咬不開來的感覺，對我來說： 值得啊 ！！！就算不搭主廚特製醬汁也很一口絕配，主食的厲害就在這裡 ！不吃醬汁更能保有最原始的香氣，有醬汁吃起來的口感，也特別更傑出 ❤️喜歡牛排就先來點 瑞瑞推薦的炭烤美國頂級叻眼牛排佐牛肝箘半釉汁喔～（義式餐點的名字都好長喔！但口感就是保留在舌尖特別久呀 🍴覺得隨意鳥地方挺細心的，從上菜到收桌都是很注重整潔，也不會上菜過慢，讓客人太餓肚子，這點覺得很貼心呢～看看這杯珍珠奶茶太可愛了吧，上面還製作了棉花糖設計（笑）這是小朋友都會瘋狂的啦～～ 完全又打開的我超級少女心享受各種美食，連生日也不錯過的隨意鳥地方，在這裡就能看夜景吹蠟燭 ！豐富自己的人生，我想對於吃美食也是一種小幸福吧（甜甜的）當然選擇約會餐廳就很重要，這已經榮獲了我命定的餐廳啦 ！！！推薦給我的瑞水粉們｜隨意鳥地方也經常舉辦酒會晚宴、婚宴、尾牙，各種活動都很適合在這裡舉辦呢 ！又能享受到高處的美麗景觀 ！千萬不要錯過 隨意鳥地方啊～～～看我來這裡拍多少照片就知道啦，一直很不想離開這裡下一次想要再去吃不同的排餐，好好的犒賞自己一下 ！好啦文章快要結束了（笑）跟著瑞瑞看資訊👉線上快速訂位子：點我隨意鳥地方101觀景餐廳｜粉專點我・官網點我☎️02- 8101- 0016 （無公休日喔!）⌚️ 週一～周日｜11:30-14:30 / 17:30- 2400⌚️假日 / 週末下午茶｜ 14:00-17:00🏠 台北市信義區信義路五段 7號 85 F檢視較大的地圖❤️ 謝謝你們關注瑞瑞的日常・真心聽我想說の❤️我也在這裡喔  >>🎵 追追 IG｜https://www.instagram.com/rayray0710🎵 追追 LINE｜https://line.me/R/ti/p/%40idl7771s有什麼話想對我說的 下面留言我都會回覆喔 ！（熱情的眼）
"['藝術', '捷運', '拍照']",幾米月亮公車是位於台北101附近的裝置藝術，是以幾米的繪本「月亮忘記了」為主題所設計出來的，由司機熊熊來帶領，從「遺忘站」到「記住站」。在「月亮忘記了」繪本中有句經典名言：他們在無意間相遇，卻為幽黯的生命帶來溫柔美好的光亮。讓我們來看看幾米月亮公車的內部吧~進入車廂時，會看見抱著球的男孩還有五顏六色的書櫃走進書櫃會發現另外一個新世界音樂搭配著燈光閃爍看到這都忍不住逗留多拍幾張留念呢！還沒來過的朋友們，不妨來一趟幾米公車月亮之旅吧！地址：台北市信義區信義路五段100號捷運台北101/世貿站 3號出口開放時間：周二到周日 9：00至21：00周一休息檢視較大的地圖
