key,value
0,國立臺北大學
1,國立臺灣師範大學
2,國立臺灣藝術大學
3,輔仁大學
4,淡江大學
5,真理大學
6,華梵大學
7,法鼓文理學院
8,明志科技大學
9,聖約翰科技大學
10,東南科技大學
11,醒吾科技大學
12,致理科技大學
13,景文科技大學
14,華夏科技大學
15,德霖科技大學
16,亞東技術學院
17,黎明技術學院
18,台北海洋科技大學
19,馬偕醫學院
20,耕莘健康管理專科學校
21,馬偕醫護管理專科學校
22,臺北基督學院
23,輔仁聖博敏神學院
24,靈糧教牧宣教神學院
25,天主教臺灣總修院
26,法鼓山僧伽大學
27,國立空中大學
28,國立中央大學
29,國立體育大學
30,國立臺灣海洋大學
31,中原大學
32,長庚大學
33,元智大學
34,開南大學
35,銘傳大學
36,國立臺北商業大學
37,國立臺北科技大學
38,健行科技大學
39,龍華科技大學
40,萬能科技大學
41,長庚科技大學
42,南亞技術學院
43,新生醫護管理專科學校
44,國防大學
45,陸軍專科學校
46,陸軍後勤訓練中心
47,陸軍通信電子資訊訓練中心
48,陸軍化生放核訓練中心
49,中央警察大學
50,聖德基督學院
51,基督教拓荒宣教神學院
52,圓光佛學院
53,中華福音神學院
54,國立臺灣大學
55,國立政治大學
56,國立臺北大學
57,國立臺灣師範大學
58,國立臺北商業大學
59,國立臺北科技大學
60,國立臺灣科技大學
61,國立臺北教育大學
62,臺北市立大學
63,國立陽明大學
64,國立臺北藝術大學
65,國立臺灣戲曲學院
66,國立臺北護理健康大學
67,國防大學
68,復興崗校區
69,國防醫學院
70,國防大學
71,國防大學
72,醫學院
73,臺灣警察專科學校
74,國立臺灣海洋大學
75,崇右影藝科技大學
76,經國管理暨健康學院
77,佛光大學
78,國立宜蘭大學
79,蘭陽技術學院
80,馬場町紀念公園
81,錦町日式宿舍群
82,七星山系-坪頂古圳親山步道
83,成功高中 蝴蝶宮‧昆蟲科學博物館
84,艋舺服飾商圈
85,象山公園
86,淡水鄞山寺
87,Art Space 金魚空間
88,西昌街觀光夜市
89,糖廍文化園區
90,台北霞海城隍廟
91,十分老街
92,華山1914文化創意產業園區
93,寶藏巖
94,紀州庵文學森林
95,芝山巖惠濟宮
96,二子坪步道
97,大稻埕戲苑
98,天母白屋
99,碧山巖開漳聖王廟
100,蒲添生故居
101,新北市市民廣場
102,寧夏觀光夜市
103,五指山系-金面山親山步道
104,北投圖書館
105,新富町文化市場
106,後火車站商圈
107,五分埔-成衣街
108,南港茶葉製造示範場
109,中山基督長老教會
110,松山文創園區
111,烏來瀑布‧空中纜車
112,三峽染工坊
113,紫藤咖啡園
114,和平青草園(原萬華402號公園)
115,關渡水岸公園
116,士林觀光夜市
117,中油藝廊
118,華江雁鴨自然公園
119,牯嶺街小劇場
120,林安泰古厝民俗文物館
121,臺北松山機場觀景台
122,美麗華百樂園
123,牛伯伯螢火蟲生態園區
124,郊山友台URS27M
125,內湖復育園區
126,大院子
127,南門-麗正門
128,捷運中山站街區
129,遼寧街夜市
130,西昌街觀光夜市
131,建成圓環
132,大臺北都會公園_幸福水漾公園
133,蔣渭水紀念公園
134,南門町三二三
135,北投公民會館
136,國立臺北教育大學
137,西門町徒步區
138,總統府
139,南港山系-南港山縱走親山步道
140,小南門
141,微風運河
142,紫藤咖啡園
143,後火車站-飾品街
144,關渡水岸公園
145,南機場夜市
146,臺北數位藝術中心
147,國立臺北教育大學
148,實踐大學
149,南門町三二三
150,清水巖祖師廟
151,大屯山系-忠義山親山步道
152,大龍街夜市
153,新北投車站
154,兩廳院_國家戲劇院_國家音樂廳
155,龍安坡黃宅濂讓居
156,國立臺灣藝術教育館
157,看到藝術
158,左岸公園
159,濟南教會
160,台北探索館
161,敦安公園
162,新北投車站
163,臺北典藏植物園
164,大稻埕碼頭
165,市長官邸藝文沙龍
166,桂花吊橋步道
167,誠品畫廊
168,看到藝術
169,無極天元宮
170,遼寧公園
171,迪化街年貨大街
172,小白宮(前清淡水關稅務司官邸)
173,三峽清水祖師廟
174,臺北市立兒童新樂園
175,花卉試驗中心
176,三腳渡擺渡口
177,臺北當代工藝設計分館
178,大湖公園
179,王大閎建築劇場
180,李臨秋故居
181,北投公園露天溫泉浴池
182,夢幻湖
183,郊山友台URS27M
184,台北當代藝術館
185,臺北北門郵局(臺北901支)
186,關渡碼頭-甘豆門
187,天母白屋
188,菁桐老街
189,沅陵商店街-鞋子街
190,東區地下街
191,十三行博物館
192,社子島迎星碼頭
193,王大閎建築劇場
194,行天宮北投分宮-忠義廟
195,新富町文化市場
196,忠孝碼頭
197,台開築空間 ARKI GALÉRIA
198,迪化街年貨大街
199,台新金控大樓
200,台北啤酒工場
201,小白宮(前清淡水關稅務司官邸)
202,臺北工業學校紅樓
203,臺北市孔廟
204,福利社 FreeS Art Space
205,大安藝樓
206,內湖花市
207,芝山公園
208,後火車站商圈
209,圓山水神社
210,臺灣大學
211,淡水馬偕墓園
212,愛國東路婚紗街
213,濱江蔬果_魚市場
214,北投普濟寺
215,南港山系_象山親山步道
216,五指山系-金面山親山步道
217,蘆洲李氏古厝
218,關渡自然公園
219,淡水禮拜堂
220,寶藏巖
221,艋舺服飾商圈
222,烏來瀑布‧空中纜車
223,文昌宮
224,臺北當代工藝設計分館
225,台北探索館
226,艋舺龍山文創B2
227,大屯山系-中正山親山步道
228,陳天來故居
229,士林神農宮
230,二二八和平公園
231,科幻巨石陣 Stonehenge
232,大稻埕辜宅
233,富民生態公園
234,草嶺古道
235,捷運中山地下書街
236,花卉試驗中心
237,幾米主題南港站
238,大屯山系-貴子坑親山步道
239,甘樂文創展演空間
240,東門-景福門
241,十分老街
242,牛伯伯螢火蟲生態園區
243,湧蓮寺
244,臺北傳奇
245,臺北市客家文化主題公園
246,基隆河左右岸親水自行車道
247,福州山公園
248,140高地公園
249,西園29服飾創作基地(臺北服飾文化館)
250,原民生活美學館
251,關渡水岸公園
252,和興炭坑
253,新店溪、大漢溪與淡水河自行車道
254,臺北忠烈祠
255,台北啤酒工場
256,大屯山系-中正山親山步道
257,甘樂文創展演空間
258,松山文創園區
259,Nou Gallery新畫廊
260,新北市市民廣場
261,台北故事館
262,景美集應廟
263,南港山系_象山親山步道
264,華山1914文化創意產業園區
265,迪化二Ｏ七博物館
266,延平河濱公園
267,華西街觀光夜市
268,臺北監獄圍牆遺蹟
269,中研院歷史文物陳列館
270,愛國東路婚紗街
271,大安藝樓
272,國立臺灣科學教育館
273,臺北傳奇
274,梧州街觀光夜市
275,淡水禮拜堂
276,陽明書屋
277,國立臺灣博物館
278,北投普濟寺
279,景美人權文化園區
280,無極天元宮
281,松山奉天宮
282,碧湖步道
283,興旺公園
284,小南門
285,命理街
286,猴硐
287,二格山系-仙跡岩親山步道
288,北投圖書館
289,平溪老街
290,西園路-佛具街
291,冷水坑溫泉區
292,殷海光故居
293,雲門劇場
294,文水藝文中心
295,大屯山系-忠義山親山步道
296,國立臺北教育大學
297,梁實秋故居
298,晴光市場
299,士林神農宮
300,西昌街-青草巷
301,南港山系_虎山親山步道
302,光點臺北
303,郊山友台URS27M
304,古亭河濱公園
305,彩虹橋
306,臺北監獄圍牆遺蹟
307,水湳洞遊客中心及展演藝廊
308,華江碼頭
309,晴光市場
310,大屯山系-中正山親山步道
311,國立臺灣科學教育館
312,臺北清真寺
313,臺北忠烈祠
314,桃源谷
315,學學 XUE XUE
316,南港公園
317,紫藤廬
318,優人神鼓山上劇場
319,錫口(彩虹)碼頭
320,順益臺灣原住民博物館
321,陽明山國家公園
322,大屯山系-軍艦岩親山步道
323,臨濟護國禪寺
324,龍山寺地下街
325,新富町文化市場
326,龍洞灣
327,板橋後站商圈(府中商圈)
328,五指山系-大崙頭尾山親山步道
329,華江碼頭
330,福林公園
331,九份老街
332,金山金包里老街
333,碧山露營場
334,北投公園
335,臺北藝術大學
336,洲美蜆仔港公園
337,中華文化總會
338,總統府
339,國立臺灣博物館 (土銀展示館)
340,北投圖書館
341,基隆廟口
342,貓空纜車
343,台北啤酒工場
344,家畫廊
345,北投公園
346,原民生活美學館
347,七星山系-天母古道親山步道
348,學學 XUE XUE
349,南港山系-更寮古道親山步道
350,文山公民會館
351,冷水坑溫泉區
352,紫藤廬
353,桃源谷
354,陽明山溫泉區
355,通化公園
356,迎風河濱公園
357,中山堂
358,淡水禮拜堂
359,蘆洲李氏古厝
360,北投公民會館
361,郭木生文教基金會美術中心
362,艋舺清水巖
363,牛伯伯螢火蟲生態園區
364,深坑老街
365,臺灣大學
366,彩虹橋
367,國立臺北教育大學
368,平等里櫻花
369,臺北監獄圍牆遺蹟
370,七星山系-天母古道親山步道
371,敦安公園
372,菁礐古圳
373,理學堂大書院
374,北投公園
375,河流彎曲之處，域見繁花光穹
376,臺北藝術大學
377,湧蓮寺
378,臺北偶戲館
379,社子島島頭公園
380,復興南路清粥小菜
381,山水綠生態公園
382,學學 XUE XUE
383,新北投車站
384,國立故宮博物院
385,永康街區
386,長榮海事博物館
387,國立臺灣博物館
388,140高地公園
389,大屯山系-忠義山親山步道
390,太原五百完人紀念建築群
391,華江雁鴨自然公園
392,中山堂
393,十方樂集音樂劇場
394,烏來瀑布‧空中纜車
395,THE WALL MUSIC 這牆音樂藝文展演空間
396,淡水紅毛城
397,五指山系_劍潭山親山步道
398,西門町徒步區
399,陽明山四０砲陣地
400,陽明山溫泉區
401,陽明山光復樓
402,內溝溪景觀生態步道
403,敘舊布袋戲園
404,南港山系_虎山親山步道
405,市長官邸藝文沙龍
406,大臺北都會公園_幸福水漾公園
407,國立故宮博物院
408,北投溫泉博物館
409,蘆洲李氏古厝
410,陽明山美軍俱樂部
411,台灣基督長老教會大稻埕教會
412,五指山系-大崙頭尾山親山步道
413,圓山飯店
414,國史館
415,總統府
416,文昌祠
417,林本源園邸
418,臺大法學院
419,士林官邸公園
420,光華玉市
421,內雙溪自然公園
422,淡水馬偕墓園
423,美麗華大直皇家影城
424,福利社 FreeS Art Space
425,Nou Gallery新畫廊
426,國立臺灣藝術教育館
427,行天宮
428,臺北藝術大學
429,THE WALL MUSIC 這牆音樂藝文展演空間
430,美麗華百樂園
431,疏洪荷花公園
432,萬慶巖清水祖師廟
433,碧湖步道
434,板橋湳雅觀光夜市
435,美堤碼頭
436,台開築空間 ARKI GALÉRIA
437,閱樂書店
438,捷運北門站(台北鐵道局)
439,新莊廟街
440,菁桐老街
441,彩虹河濱公園
442,北投圖書館
443,內溝溪景觀生態步道
444,士林官邸
445,二子坪步道
446,和平西路3段-鳥店街
447,艋舺龍山文創B2
448,臺北市鄉土教育中心_剝皮寮歷史街區
449,慈聖宮前小吃區
450,大稻埕辜宅
451,幾米主題南港站
452,中正紀念堂
453,優人神鼓山上劇場
454,大佳河濱公園
455,國軍歷史文物館
456,中山基督長老教會
457,臺北北門郵局(臺北901支)
458,忠孝碼頭
459,十分老街
460,饒河街觀光夜市
461,大安藝樓
462,凱達格蘭文化館
463,臺北市立美術館
464,臺北北門郵局(臺北901支)
465,松山慈祐宮
466,命理街
467,內湖復育園區
468,臺北愛樂暨梅哲音樂文化館
469,寶藏巖
470,吉慶聖誕巷
471,慈聖宮前小吃區
472,大稻埕碼頭
473,五指山系_劍潭山親山步道
474,左岸公園
475,大屯山系-中正山親山步道
476,萬慶巖清水祖師廟
477,光華玉市
478,古亭河濱公園
479,平等里櫻花
480,碧潭風景區
481,深坑老街
482,廣州街觀光夜市
483,遼寧公園
484,板橋後站商圈(府中商圈)
485,北投公園
486,郭木生文教基金會美術中心
487,長榮海事博物館
488,福林公園
489,艋舺龍山寺
490,慈音休閒農莊
491,北投文物館
492,梧州街觀光夜市
493,糖廍文化園區
494,學學 XUE XUE
495,士林神農宮
496,社子島島頭公園
497,樹火紀念紙博物館
498,台北探索館
499,松山奉天宮
500,新北投車站
501,士林官邸
502,臺北市立美術館
503,五指山系-大崙頭尾山親山步道
504,袖珍博物館
505,陳天來故居
506,復興三路櫻花隧道
507,太原五百完人紀念建築群
508,慈諴宮
509,大屯山系-忠義山親山步道
510,臺北清真寺
511,建國假日玉市
512,二子坪步道
513,大安藝樓
514,臺北市立兒童新樂園
515,敦安公園
516,迪化街店屋
517,逸仙公園
518,信義公民會館暨眷村文化公園_四四南村
519,草嶺古道
520,五指山系-金面山親山步道
521,科幻巨石陣 Stonehenge
522,非畫廊Beyond Gallery
523,猴硐貓村
524,九份老街
525,野柳地質公園
526,三貂嶺瀑布步道
527,碧潭風景區
528,新月橋
529,不厭亭
530,龜吼漁港
531,水湳洞十三層遺址
532,黃金瀑布
533,烏來觀光台車
534,三峽清水祖師廟
535,鼻頭角步道
536,小白宮(新北市立淡水古蹟博物館)
537,深坑老街
538,無耳茶壺山步道
539,猴硐車站
540,陰陽海
541,淡水老街
542,板橋後站商圈(府中商圈)
543,山佳車站
544,三峽染工坊暨三峽藍染中心
545,淡水金色水岸
546,新莊國民運動中心
547,碧潭吊橋
548,淡蘭古道石碇段
549,重新橋觀光市集
550,龜吼漁夫市集
551,輔大花園觀光夜市
552,十分瀑布公園
553,鼻頭角燈塔
554,紅毛城園區(新北市立淡水古蹟博物館)
555,新北市軍人忠靈祠(武器公園)
556,新北市市民廣場
557,淡水文化園區-殼牌倉庫
558,猴硐煤礦博物園區
559,深澳漁港
560,湧蓮寺
561,新北大都會公園(二重疏洪道河濱公園)
562,鶯歌老街
563,十分老街
564,石碇五路財神廟
565,重新市集(星光夜市)
566,滿月圓國家森林遊樂區
567,三峽老街
568,板橋國民運動中心
569,龍洞四季灣
570,淡水漁人碼頭
571,龍洞灣海洋公園(龍洞灣)
572,老梅石槽
573,勸濟堂
574,黃石公有零售市場
575,平溪老街
576,土城國民運動中心
577,菁桐老街
578,淡水渡船頭
579,江翠國中游泳池
580,淡水福佑宮
581,新店光明街
582,望古瀑布
583,迷你谷渡假民宿
584,中和國民運動中心
585,白馬寺
586,新莊地藏庵(大眾廟)
587,蘆洲國民運動中心
588,永續環境教育中心
589,烏來泰雅民族博物館
590,樹林海明寺
591,樹林車站
592,板橋火車站旅遊服務中心
593,溪洲公有零售市場
594,白水世界民宿
595,板橋慈惠宮
596,和美山登山步道
597,滬尾馬偕醫館
598,堤畔溫泉民宿
599,日月民宿
600,山城美館展演藝廊
601,長青溫泉
602,烏來大飯店
603,永安公有零售市場
604,昇平戲院
605,武聖廟
606,石碇姑娘廟
607,凌雲禪寺
608,虎豹潭
609,尚登意民宿
610,龍門溫泉民宿
611,永和樂華夜市
612,三金焿子坪休閒旅館
613,富福頂山寺(貝殼廟)
614,烏來林業生活館
615,三重國民運動中心
616,秀山大飯店
617,忠義廟
618,萬金銘珠溫泉民宿
619,中和無極宮
620,樹林國民運動中心
621,桶後溪
622,富貴角藝術園區(風藝術園區)
623,馬崗漁港
624,三鶯藝術村
625,萬里仙境溫泉會館
626,接雲寺
627,龍門公園(龍門露營度假基地)
628,情人溫泉民宿
629,金湧泉溫泉會館
630,中興街(韓國街)
631,磅坑口
632,多田榮吉故居
633,新山夢湖
634,胡達華釘畫工作室
635,慈航紀念堂
636,猴硐貓橋
637,青雲殿
638,瑞芳美食廣場
639,雙溪老街
640,新五泰國民運動中心
641,新莊慈祐宮
642,國際岩湯
643,紫禁城博物館
644,樹林區原住民主題部落公園
645,新莊第一公有零售市場
646,三芝遊客中心及名人文物館
647,福容大飯店 淡水漁人碼頭
648,陽明山天籟渡假酒店
649,報時山
650,幸福水漾公園
651,淡水紅樓
652,湯語双泉民宿
653,準園休閒農場
654,巨龍山莊
655,維格餅家鳳梨酥夢工廠
656,八斗子火車站
657,土城公有零售市場
658,德林寺
659,青山香草教育農園
660,永和國民運動中心
661,新北市立圖書館三重分館
662,東勢公有零售市場
663,金山寺
664,大板根渡假酒店
665,三重中央公有零售市場
666,南山寺
667,金山海灣溫泉HOTEL
668,碧龍宮
669,陀彌天 紫竹林寺
670,金瓜石地質公園
671,佛光山石門北海道場
672,一滴水紀念館
673,香草花源溫泉養生館
674,白宮行館
675,有馬溫泉MOTEL
676,林口公有零售市場
677,汐止國民運動中心
678,藍染遊客服務中心
679,台陽礦業事務所(瑞芳金鑛)
680,大有製墨廠
681,蘆洲公有零售市場
682,野柳海洋世界
683,三貂嶺車站
684,福山部落
685,天池溫泉館
686,新店老街
687,板橋農村公園
688,汐止濟德宮
689,天秀宮
690,瑞芳風景特定區
691,護國吉祥寺(藥師佛道場)
692,十分車站
693,板橋放送所
694,泰平假日農夫市集(壽山宮假日農夫市集)
695,淡水泰迪熊博物館
696,淡水中山公有零售市場
697,石碇老街
698,烏來老街
699,矽谷溫泉會館
700,白雲寺
701,北新有機休閒農場
702,華新街(緬甸街)
703,烏來瀑布 空中纜車
704,馬崗潮間帶
705,新店中央公有零售市場
706,水田園農莊民宿
707,寶纈禪寺
708,大尖山風景區
709,店仔街福德宮
710,朱銘美術館
711,月老和合二仙殿
712,金瓜寮魚蕨步道
713,皇后鎮森林
714,圓通禪寺
715,筠園-鄧麗君墓園
716,頂泰山巖
717,雲頂民宿
718,無極真元天壇(天元宮)
719,泰山娃娃產業文化館
720,蘆洲功學社音樂廳KHS Hall
721,遠光打鐵店
722,金山萬里自行車道
723,力行福德宮
724,燭臺雙嶼
725,東澳漁港
726,新北市藝文中心
727,新莊文化藝術中心
728,龜吼海岸
729,木屐寮農莊
730,保福宮
731,竹林山觀音寺
732,浮洲藝術河濱公園
733,三和夜市
734,湳興公有零售市場
735,泰雅巴萊部落村 (烏來生態農場)
736,水湳洞
737,新店大碧潭商圈
738,雲仙樂園
739,花園新城
740,雙溪低碳驛站
741,澳底漁港
742,福容大飯店 福隆
743,皇帝殿登山步道
744,輕便路遊客中心
745,澳底仁和宮
746,五股西雲寺
747,三重社教館
748,四腳亭車站
749,水湳洞漁港
750,靈泉寺
751,鶯歌光點美學館
752,許新旺陶瓷紀念博物館
753,瑞芳火車站旅遊服務中心
754,柑園生態河濱公園
755,風箏坪
756,八里(渡船頭)老街
757,淡水情人塔
758,新店溪陽光橋
759,天佛禪寺
760,林建生紀念圖書館
761,淡水國民運動中心
762,宏德宮
763,世界宗教博物館
764,土城廣承岩寺
765,鴨鴨地景藝術公園
766,野柳漁港
767,新莊廟街夜市
768,樹林樹德宮
769,綠寶石河濱公園
770,重新公有零售市場
771,石門情人廟
772,萬金文溫泉民宿
773,亞洛美精靈國度香氛觀光工廠
774,蓮花(園)
775,西靈巖寺
776,萬金龍溫泉民宿
777,雞籠山登山步道
778,茶鄉桂花農園
779,霞海城隍廟
780,福山宮
781,南山放生寺
782,五指山風景區
783,深澳鐵道自行車Railbike
784,天龍宮
785,內洞森林遊樂區
786,樹林南寮福德宮
787,緣道觀音廟
788,淡水禮拜堂
789,蘆洲李宅古蹟-李友邦將軍紀念館
790,台灣農林熊空茶園
791,雲門劇場
792,牛角坑生態休閒農莊
793,宏洲磁磚觀光工廠
794,永平公有零售市場
795,三峽興隆宮媽祖廟
796,十分風景特定區(十分遊客中心)
797,永安居
798,興旺養蜂教育農園
799,(八里)大眾廟
800,九份明聖宮
801,樹林南寮福德宮冷泉
802,八里左岸自行車道
803,陽光運動公園
804,瑞芳第一公有零售市場
805,下庄公有零售市場
806,新北市立圖書館
807,天主教輔仁大學
808,舊金山總督溫泉
809,南山觀音寺
810,三重神農大帝祭
811,陳逢顯毫芒雕刻博物館
812,板橋動物之家
813,德興居(歐里人文咖啡)
814,九份遊客中心
815,西湖陶坊
816,琉傳天下藝術館
817,李德安 (金石客棧/石頭李)
818,愛琴海太平洋溫泉會館
819,長仁社區廢煙管
820,大漢溪自行車道
821,蘆洲護天宮
822,龜山營地
823,濟安宮
824,蘆洲清海宮
825,汐止金龍湖環湖步道
826,綠竹園
827,幸福農莊(原大屯溪自然農法教育農莊)
828,光明公有零售市場
829,新北市坪林茶業博物館
830,陶趣家馬賽克拼貼DIY工坊
831,圓山窯
832,阮的肉干產業概念館
833,金山禪寺
834,翁山英故居(九份茶坊)
835,幸運草地景溜滑梯
836,新板特區
837,大尖山登山步道
838,靈鷲山無生道場
839,秀峰山靜修禪院
840,江子翠河口景觀河濱公園
841,蘆洲慈惠堂
842,東興宮
843,淡水八角樓
844,金山慈護宮
845,代天府
846,忠順廟
847,雙興百香果園
848,淡水龍山寺
849,烏來風景區
850,新店臺北菸廠鍋爐間及煙囪
851,台灣不二衛生套知識館
852,三峽農特產文化館
853,天祥寶塔禪寺
854,新北市立十三行博物館
855,馬偕墓園
856,五指山柯子林古道
857,淡水藝術工坊
858,雷朗極限探索(園區)
859,布袋戲主題館
860,蜜蜂世界
861,太璞宮
862,臺灣電力公司北部展示館
863,三忠廟
864,瑞慈宮
865,民享公有零售市場
866,龍巖宮祖師廟
867,鳶山登山步道
868,(八里)龜馬山紫皇天乙真慶宮
869,萬里飛行傘基地
870,富基漁港
871,卯澳石頭古厝建築
872,海山宮
873,文山社
874,八里左岸公園
875,獅頭山
876,土城第二市民農園
877,(牛寮埔)石頭公農園
878,吳福洋襪子故事館
879,中和樂天宮
880,保和宮
881,保坪宮
882,土城藝文館
883,蝙蝠洞公園
884,福隆海水浴場
885,滬尾礮臺(新北市立淡水古蹟博物館)
886,八里渡船頭
887,楓樹湖
888,華翠大橋
889,中和東德宮
890,大埔硫磺溫泉商務旅舘
891,一間屋綠生活體驗園區
892,石門金剛宮(四面佛)文物館
893,海山神社殘蹟
894,風櫃嘴觀景台
895,新北市忠烈祠
896,樹林區鎮南宮
897,北勢溪自行車道
898,响仁和鐘鼓廠
899,詹啟宏 (庭豐陶藝工作室)
900,瑞芳老街
901,玉美人孕婦裝觀光工廠
902,本山五坑
903,板橋非常熱區
904,山之川溫泉餐坊
905,番婆林觀光花園
906,意象陶坊
907,磺港漁港
908,菁桐車站
909,紅樹林生態教育館
910,瑞芳火車站
911,富基漁港魚產品銷售中心
912,新莊廟街商圈
913,得忌利士商行
914,金山青年活動中心
915,太子賓館
916,新板藝廊
917,李梅樹紀念館
918,九芎公廟(九芎廟)
919,吳家兄弟樂天農場
920,臺北國史館(新店館區)
921,鹽寮抗日紀念碑
922,十三行博物館考古文化村
923,浪漫公路
924,音樂公園
925,阿里磅生態農場
926,桃樂絲森林
927,野柳燈塔
928,奇峰石溫泉山莊
929,石碇百年石頭屋
930,新山夢湖登山步道
931,興榖國小鄉土文物館
932,清水巖祖師廟
933,頂埔公有零售市場
934,國聖仁和宮
935,吉安宮
936,牛軋糖創意博物館(大黑松小倆口)
937,鼻頭漁港
938,南嶽(聖侯)宮
939,大觀書社
940,文武大眾爺廟
941,簡單生活藍染工作室
942,大自然農園
943,府中15新北市動畫故事館暨新北市紀錄片放映院
944,廣明寺
945,大同山登山步道
946,光淙金工藝術館
947,哈盆越嶺古道(烏來-宜蘭員山鄉)
948,三協成糕餅博物館
949,萬里漁村生活館
950,樹林體育場
951,牡丹車站
952,三才靈芝農場
953,插天山自然保留區
954,太平宮
955,聖明宮
956,跳石海岸
957,香草街屋
958,黃阿舍生態體驗農園
959,智成忠義宮
960,鄞山寺
961,興福寮花卉綜合農場
962,文山農場
963,龍源農場
964,洪志雄
965,沐舍溫泉渡假酒店
966,廣安宮
967,淡海輕軌幾米公共藝術
968,媽祖田
969,中和道行宮
970,深澳漁港海天步道
971,牧蜂農莊
972,福成宮媽祖廟
973,金瓜石地質公園 (本山礦體)
974,海洋資源復育園區
975,貢噶精舍
976,開臺天后宮
977,水湳洞遊客中心(山城食堂)
978,新店渡船頭
979,金瓜石神社(黃金神社)
980,鶯歌車站
981,白雞行修宮
982,新北市客家文化園區
983,新莊水源地
984,金湯溫泉會館
985,南樹林火車站
986,二號倉庫．文創
987,三鶯陶花源
988,大香山慈音巖
989,翡翠茶園
990,德興有機生態教育農場
991,中正公有零售市場
992,龍泉溪系步道
993,金水公路
994,坪林老街
995,雙溪壽山宮
996,石門代天府聖明宮
997,虎寮潭渡假休閒山莊
998,中和福和宮
999,成功國小農村文物展示中心
1000,恐龍園區
1001,微風運河
1002,淡水外僑墓園
1003,登峰魚丸博物館
1004,美麗永安生活館
1005,三貂嶺步道
1006,烏來溫泉
1007,保佑宮
1008,水柳角68
1009,國際終戰和平紀念園區
1010,中和竟南宮
1011,林添禎銅像
1012,璞石麗緻溫泉會館
1013,金瓜三號
1014,旗竿湖教育農場
1015,福隆車站
1016,洪志勝
1017,三芝有機農場
1018,黃金水圳橋
1019,無緣之墓登山步道(貂山古道)
1020,滬水一方
1021,後埔公有零售市場
1022,江翠礫間水岸公園
1023,新莊運動公園
1024,大華壺穴
1025,富貴綠地公園
1026,水資源生態教育館
1027,獅子公園
1028,瑞三礦業整煤廠
1029,吊腳樓
1030,大華車站
1031,圓山草堂
1032,金龍山北峰寺
1033,平溪防空洞(日治防空洞)
1034,獅仔頭山
1035,新北市立黃金博物館
1036,綠光農園
1037,雙溪區自行車道
1038,樹林保安臨時攤販集中區
1039,李天祿布袋戲文物館
1040,烏來紅河谷
1041,豎崎路
1042,紫東社區(平溪區農會東勢生態教育會館)
1043,平湖森林步道
1044,員山公有零售市場
1045,全安宮
1046,基山街
1047,金山岩
1048,大屯溪古道休閒農場
1049,中和保慶宮
1050,新海人工濕地
1051,大板根森林遊樂區
1052,眼鏡洞瀑布
1053,水口民主公王廟
1054,溪北公園
1055,星光橋
1056,板橋車站
1057,烏來瀑布
1058,忠厚公有零售市場
1059,孝子山步道
1060,穿屋巷
1061,二格山登山步道(草湳線)
1062,胡桶古道A
1063,青島武館
1064,芑豐居(李芑豐古宅)
1065,炮子崙瀑布
1066,柑腳養生村
1067,遠望坑親水公園
1068,猴硐遊客中心
1069,菁桐礦業生活館
1070,程氏古厝
1071,三個磅空自行車道
1072,員山子分洪道
1073,瑪鋉漁港
1074,秀朗兒童超跑園區
1075,礦工宿舍
1076,熊空溪樂樂谷
1077,協德宮
1078,竹圍工作室
1079,華江碼頭
1080,碧潭三橋(碧潭吊橋、碧潭橋、北二高碧潭大橋)
1081,烘爐地南山福德宮
1082,南雅奇岩(南雅奇石)
1083,猴硐貓咪資訊站
1084,安福宮
1085,新莊體育館
1086,猴硐坑
1087,梅花湖(屈尺景觀公園)
1088,金山佛堂
1089,金字碑登山步道
1090,楊三郎美術館
1091,身聲演繹劇場
1092,秀峰瀑布
1093,小川源溫泉館
1094,新北市立圖書館板橋江子翠分館
1095,大粗坑古道
1096,丁蘭谷
1097,板橋石雕公園
1098,林口高爾夫球場
1099,深坑集順廟
1100,靜安吊橋
1101,外按古道（淡蘭古道）
1102,辰光橋
1103,鹿角溪人工溼地
1104,金山第一公有零售市場
1105,五番坑
1106,王鼎時間科藝體驗館
1107,東北角暨宜蘭海岸國家風景區
1108,江璞亭公祖祠堂
1109,雲森瀑布
1110,烏來遊客中心
1111,鹿窟事件紀念公園
1112,鴛鴦谷遊樂園
1113,坪林親水吊橋
1114,滴水觀音(靈巖寺)
1115,荷花廣場
1116,魚藏文化館
1117,鶯歌南雅路夜市
1118,瑠公圳引水石硿(現已不開放)
1119,紅樹林自然保留區
1120,炮子崙步道
1121,茄苳瀑布
1122,小金瓜露頭
1123,澳底公有零售市場
1124,九份文史工作室
1125,菁桐煤礦紀念公園
1126,坪林臺灣油杉自然保留區
1127,大尖山—秀峰瀑布登山步道
1128,挖子尾自然保留區
1129,烏來吊橋
1130,三重綜合運動場
1131,石碇東街
1132,石碇淡蘭藝文館
1133,長仁亭
1134,蔡家洋樓
1135,新山農場
1136,開成殿(天公廟)
1137,燦光寮登山步道
1138,馬公友誼運動公園
1139,潮池
1140,富士坪古道
1141,九份商圈
1142,小粗坑生態綠廊
1143,琉榔路觀光步道
1144,五分山步道
1145,九份金礦博物館
1146,長福橋
1147,龍洞岩場
1148,雙溪渡船頭
1149,新山
1150,十三層親水園區
1151,TS MOTEL(鼎帥温泉汽車旅館)
1152,嶺腳車站
1153,鄒家一條龍
1154,新莊青年公園
1155,汐止老街
1156,中和三介廟
1157,綠寶石陸橋
1158,景明亭
1159,和平街臨時攤販集中區
1160,姜子寮絕壁登山步道
1161,濂洞國小彩繪溜滑梯
1162,望古車站
1163,聖南寺
1164,復興礦坑口
1165,內溝山登山步道
1166,烏來輕井澤溫泉旅館
1167,頌德公園
1168,華江人工濕地
1169,平溪車站
1170,親情河濱公園
1171,小粗坑遺址
1172,開天宮
1173,萬里野柳臨時攤販集中場
1174,永和仁愛公園
1175,卯澳漁港
1176,酋長文化歌舞劇場
1177,汐止觀光攤集場
1178,蝙蝠洞
1179,新北市立圖書館林口分館
1180,土庫岳登山步道
1181,深坑橋碑
1182,石碇集順廟
1183,邱錫勳
1184,樹梅坪
1185,白雞山登山步道
1186,蘆洲廟口夜市(得勝街夜市)
1187,愛皮嘻時尚文創工坊
1188,平溪藍染工作坊
1189,彭園 (台陽公司附設醫院)
1190,百年石砌梯田-石門嵩山
1191,阿柔坑溪
1192,二格公園
1193,連舉人古厝
1194,四角窟觀景台
1195,金包里大路(魚路古道)
1196,新店捷運站旅遊服務中心
1197,運煤橋
1198,菁桐古道
1199,深坑公有零售市場
1200,基隆山
1201,磺嘴山
1202,四腳亭砲台
1203,鹿堀(窟)坪古道
1204,萊萊地質區
1205,桐花公園
1206,嶺腳寮登山步道
1207,石門峽
1208,新店溪自行車道
1209,承天禪寺
1210,金瓜石朝日亭
1211,青龍嶺
1212,金瓜寮自行車道
1213,明志書院
1214,義學坑自然生態公園
1215,金山舊機場遺跡紀念碑
1216,瑞三本礦口
1217,出磺口農場
1218,草茅地母廟
1219,八里文化公園(米飛園區)
1220,亨利屋
1221,慈玄寺
1222,百年石砌梯田
1223,陽明山出霧會館
1224,卡拉莫基步道
1225,筆架山
1226,軟橋段親水公園
1227,金山遊客中心
1228,義塚大墓公
1229,大棟山
1230,樹林客家藝文館
1231,山尖路步道
1232,四廣潭
1233,萬里瑪鍊文化館
1234,雙溪公有零售市場
1235,石門洞
1236,粗坑仔
1237,柯應平
1238,太極嶺
1239,新店廣興有機市民農園
1240,八番坑
1241,猴硐神社
1242,北勢溪古道
1243,桶後越嶺步道(烏來－宜蘭大礁溪)
1244,坪林生態園區
1245,番子坑步道
1246,二叭子植物園
1247,九芎根親水公園
1248,石碇西街
1249,國立臺灣圖書館
1250,綠光河岸公園
1251,五寮尖登山步道
1252,鹿角溪公園
1253,石媽祖古道
1254,猴硐一百階
1255,辭職嶺登山步道
1256,山佳河濱公園
1257,烏來瀑布遊客中心
1258,碧潭公有零售市場
1259,淡水海關碼頭園區
1260,觀音巖旁八仙洞
1261,小赤壁
1262,西盛環保河濱公園
1263,草嶺古道
1264,六扇門顏家茶館
1265,選洗煤場(碳場咖啡)
1266,葛思悠農場
1267,猴山岳登山步道
1268,鎮南宮
1269,廣興河濱公園
1270,山城創作坊
1271,汐止黃昏攤集場
1272,格頭雲瀑
1273,平溪郵局老郵筒
1274,滬尾櫻花大道
1275,灣潭
1276,源茂山登山步道
1277,辭修公園
1278,雙溪車站早市
1279,新太源藝術工坊
1280,蔡政杰
1281,鹽寮海濱公園(藍灣海濱休憩園區)
1282,理學堂大書院
1283,燕子湖風景區
1284,直潭淨水廠、攔水壩
1285,逸仙山(蝙蝠山)步道
1286,二龍山登山步道
1287,土埆厝
1288,龍鳳巖登山步道
1289,野柳里登山步道
1290,三峽歷史文物館
1291,三鶯龍窯橋
1292,柴寮古道
1293,山宛然客家布袋戲團
1294,大羅蘭溪
1295,枋橋建學碑
1296,新北市立鶯歌陶瓷博物館
1297,中和碧河宮
1298,慈母峰步道
1299,淡水日本警官宿舍
1300,雙溪打鐵舖
1301,海藏寺
1302,蘆洲廟口夜市(形象商圈)
1303,游景翔工作室
1304,觀音巖警報鐘亭
1305,灣潭步道
1306,直潭壩
1307,卡拉模基(klmut)
1308,新店區柴埕路60巷登山步道
1309,狸和禾小穀倉
1310,永安步道
1311,平林休閒農場
1312,新北市立板橋體育場
1313,白雲古道
1314,錦和運動公園
1315,待老坑山
1316,新店文史館
1317,碧華布街(三重布莊博物園區)
1318,枋寮公有零售市場
1319,啦卡賞鳥步道
1320,下泰山巖
1321,直潭山登山步道
1322,溪洲運動河濱公園
1323,三峽紫微天后宮
1324,歐陽彥城
1325,秀崎山登山步道(瑞芳公園步道)
1326,屈尺水岸
1327,飄移卡丁車(鶯歌88 生活廣場 3樓)
1328,虎字碑
1329,三重林氏古厝(崇德居)
1330,中和慈雲寺
1331,翡翠水庫
1332,HA SOCK襪子娃娃專賣店
1333,八里文化公園露營區
1334,新北市政府景觀瞭望台
1335,楊淑妮
1336,姜子頭展望臺
1337,綠野馬術俱樂部
1338,張淑敏
1339,臺華窯臺灣風華館
1340,大桶山登山步道
1341,三峽拱橋
1342,大峭壁登山步道
1343,大崎嶺登山步道
1344,鳶山公園
1345,五股助順將軍廟
1346,新生公有零售市場
1347,薯榔尖步道
1348,磺窟城聚落
1349,風芝門自行車道
1350,石筍尖步道
1351,后番子坑溪生態園區
1352,雄鎮蠻煙碑
1353,鶯歌公有零售市場
1354,三芝田心
1355,張正男
1356,三峽區公有零售市場
1357,烏來活力村
1358,廖雪玉
1359,九份愛的物語咖啡館
1360,楓樹湖登山步道
1361,東勢格越嶺步道
1362,褔安居
1363,新平溪煤礦博物館
1364,新店區屈尺道碣
1365,蓋淡坑遺址
1366,南天花苑
1367,石門風力發電站(風車公園)
1368,手信坊創意和菓子文化館
1369,淺水灣海濱公園
1370,碧華寺
1371,四腳亭砲臺登山步道
1372,金城公園
1373,忠孝碼頭
1374,張正齡
1375,烏來妙心寺
1376,金瓜寮茶香生態村
1377,中山藝術公園
1378,中和北聖宮
1379,翁偉峯與許欣茹 (小徑照顏色)
1380,平溪石底橋
1381,林棟燦
1382,前清英國領事館
1383,虎寮潭吊橋
1384,粗坑口登山步道
1385,岐山巖
1386,雙溪商圈
1387,五重溪瀑布
1388,青龍嶺與三角埔頂山
1389,林本源園邸
1390,圓通寺登山步道
1391,信賢吊橋
1392,獅頭山登山步道
1393,坪林旅遊服務中心
1394,八里五福宮
1395,先嗇宮
1396,阿先小農田
1397,五股濕地教育中心(生態園區)
1398,安康公有零售市場
1399,溪瀧步道
1400,雙溪車站
1401,國旗嶺
1402,筆架及炙子頭山登山步道
1403,樹林聖蹟亭
1404,土城第一市民農園
1405,鐵道地景公園
1406,觀日登山步道
1407,扁屋
1408,三峽八安大橋
1409,土城第三市民農園
1410,五股智光禪寺
1411,峰頭尖
1412,觀音巖
1413,林口亞太生態園區
1414,白沙灣海水浴場
1415,中和瑞穗配水池
1416,五股龍鳳巖
1417,菁桐一坑口聚落
1418,樹梅坑登山步道
1419,伊豆商店
1420,博愛藝術街
1421,平溪商圈
1422,烏來活力村
1423,中和霹靂宮
1424,天上山系步道支線-清溪步道
1425,潤濟宮登山步道
1426,玫瑰公園
1427,台灣農林大寮茶文館
1428,保慶宮至信賢步道
1429,青潭尖(大崎頭山)
1430,坪林觀魚步道
1431,硬漢嶺
1432,一線天
1433,蘆堤寵物公園
1434,林泉成古厝
1435,萬善同
1436,新莊保元宮
1437,新店獅仔頭山隘勇線
1438,親水廣場
1439,普陀山步道
1440,中和慈安宮
1441,牧師樓
1442,土城媽祖田運動公園
1443,苧仔潭古道
1444,烏來遊仙登山步道
1445,台灣Panasonic展示館
1446,永和商圈
1447,中和紫竹寺
1448,新莊廣福宮
1449,平林村東和登山步道
1450,疏洪生態公園
1451,老梅迷宮
1452,戰俘營紀念碑
1453,中興福德宮
1454,豐林礦坑遺址
1455,三空泉登山步道資料
1456,米市巷
1457,漁光里步道
1458,米靈岸音樂劇場
1459,滴水觀音步道
1460,樹林抗日先烈十三公紀念墓園
1461,拔刀爾山登山步道
1462,翡翠水庫環境學習中心
1463,湊合十八洞天
1464,李茂岸
1465,復興公園
1466,北大特區藝術大道
1467,瓊仔湖公園步道
1468,樹林體育園區
1469,二坑隧道
1470,獅公髻尾山
1471,敢部隊指揮部碉堡遺址(文史影像公園)
1472,烘爐地登山步道
1473,福山景觀橋
1474,九芎根步道
1475,米倉國小
1476,桃源谷
1477,關渡大橋
1478,礦業老街
1479,(國定)大坌坑遺址
1480,重陽橋光雕
1481,信賢瀑布
1482,太極嶺、五城山系步道
1483,南天母山系步道
1484,後村圳紀念碑
1485,烏來社區至保慶宮登山步道
1486,Mimosa皮革文化館
1487,水晶博物館
1488,長福巖
1489,千戶傳奇生態農場
1490,桶後
1491,五股濕地
1492,土城善息寺
1493,拉號人文生態步道
1494,紫微聖母環山步道
1495,二重環狀自行車道
1496,東獅頭山
1497,北海岸及觀音山國家風景區
1498,柑園里─林家古厝
1499,黃正南薄胎瓷碗工作室
1500,甘樂文創展演空間
1501,大禮拜堂
1502,(八里)廖添丁廟(漢民祠)
1503,新莊牡丹心生態公園
1504,日興宮
1505,石門婚紗廣場
1506,鶯歌石與長壽步道
1507,淡水中正觀光市場
1508,保慶宮至公三公園步道
1509,賞螢步道
1510,三鶯二橋
1511,大同山地母廟
1512,十八王公廟
1513,火燄山系步道
1514,甘露寺至安坑山步道
1515,水碓觀景公園
1516,連橫墓園
1517,青龍嶺與大同山
1518,溝仔墘老街牌樓
1519,石門風箏公園
1520,泰山體育園區
1521,坪林尾橋
1522,潤濟宮
1523,天上山系步道
1524,西龍巖寺
1525,莊貢生古厝
1526,汪洋居古厝
1527,獅子頭隘口
1528,石門內尖山
1529,新莊體育園區
1530,四九迷宮花園(彭福國小)
1531,五股集福宮福德爺
1532,備內昭和礦坑
1533,北園里─陳家古厝
1534,板橋湳雅觀光夜市
1535,金溪駐在所
1536,青雲路至圓通寺步道
1537,茶花莊
1538,臺電核一廠(金山核能發電廠)
1539,黑松三姊妹
1540,祖師巖登山步道(林口森林步道、頂福嚴步道)
1541,泰山公有零售市場
1542,福德水車公園生態園區
1543,雲之湯溫泉館
1544,成福山登山步道
1545,鶯歌石與牛灶坑山
1546,文昌祠
1547,馬偕藝術銅像
1548,文筆山系步道
1549,籟狸尖山登山步道
1550,水聳淒坑登山步道
1551,外南勢角山
1552,山仔腳公園
1553,國定十三行遺址
1554,蟾蜍山步道
1555,三峽金光明寺
1556,新莊福德祠
1557,保安陸橋
1558,麗林公有零售市場
1559,天上山系步道支線-賞桐步道
1560,大湖尾登源茂山-和尚髻登山步道
1561,慈皇宮
1562,坪之鄉自然生態茶園
1563,粗石斛吊橋
1564,樹林夜市
1565,開山凌雲寺
1566,樂山活動中心(圖書館)
1567,大尖、二尖山系步道
1568,金色水岸自行車道
1569,後山公園
1570,礁溪公有零售市場
1571,後厝漁港
1572,虎寮潭
1573,龍山岩石景浮雕
1574,鳳福公園
1575,橫山梯田
1576,湊合賞鳥區
1577,坪林商圈
1578,水柳腳登山步道
1579,八連溪休閒步道
1580,後村堰(極限運動園區)
1581,新十八王公廟
1582,山仔頂登山步道
1583,鹿窟尖山(湊角山)
1584,金山萬里溫泉
1585,九陽文創(非門市店鋪)
1586,潮江寺福德祠
1587,許厝
1588,林口運動公園
1589,三芝三板橋
1590,左岸八里碼頭
1591,青年公園登山步道（牡丹心山登山步道）
1592,東園里─鄭家古厝
1593,大暖尖山系步道
1594,長安公有零售市場
1595,公司田溪橋
1596,觀音臺
1597,鶯歌窯陶瓷廣場－良之燒
1598,阿屘坑山登山步道
1599,張家古厝
1600,許願河岸咖啡館
1601,滬尾砲臺公園
1602,芝柏藝術村
1603,大棟山與石灰坑山
1604,東鶯故事小徑
1605,台灣原住民族企業社(瑪伐流國際工藝社)
1606,觀海長堤
1607,龍泉溪系步道(山本山支線)
1608,海山里福德宮
1609,道山宮
1610,板橋萬坪公園
1611,鬼子瀨尖-源茂山登山步道
1612,尋雲號
1613,老榕樹與福源山
1614,林口婦幼公園
1615,山腳頂山與瓊子湖山
1616,五城山
1617,中角灣
1618,雞罩山
1619,三芝公有零售市場
1620,馬偕租屋處
1621,富貴角
1622,新北市滬尾防災宣導主題館
1623,臺灣玩具博物館
1624,淡水漁人碼頭自行車道
1625,義天宮
1626,松子腳砲臺遺址
1627,櫻木花道
1628,富貴角公園
1629,三芝共榮社區
1630,忠寮李氏古厝
1631,滬尾水道
1632,淡江大學
1633,芝蘭公園
1634,興南夜市
1635,淡水重建街
1636,新北市立圖書館林口東勢閱讀室
1637,八里國小「御大禮記念樹」石碑
1638,八里風帆碼頭
1639,米倉公園
1640,淡水河堤生態區
1641,左岸劇場
1642,旗竿湖
1643,源興居
1644,根德水車園區
1645,富貴角燈塔
1646,淡水日商中野宅
1647,淡水漁業生活文化影像館
1648,承天禪寺步道
1649,淡水氣候觀測所
1650,樂福卡丁小型賽車場
1651,麟山鼻自行車道
1652,五堵隧道自行車道
1653,中和廣濟宮
1654,關渡媽祖石
1655,小梅街道
1656,青山瀑布
1657,淡江大學海事博物館
1658,興福寮登山步道
1659,林口濱海步道
1660,反經石
1661,茶山步道
1662,新林登山步道
1663,滬尾休閒農業區
1664,三芝三生態步道
1665,二坪頂登山步道
1666,土地公嶺古道
1667,福容大飯店淡水漁人碼頭分店
1668,尖山湖紀念碑
1669,八連溪紅葉谷
1670,三空泉
1671,雅筑染采
1672,草里漁港
1673,法鼓山
1674,青山瀑布步道
1675,茶山地區支線
1676,國泰橋
1677,淡水登峰魚丸博物館一館
1678,菁桐電子天燈館
1679,淡水崎仔頂施家古厝
1680,淡水漁人舞台
1681,獅頭山公園(獅頭山步道)
1682,拱北殿
1683,北海高爾夫球場
1684,聖明宮千年雀榕
1685,銀河洞登山步道
1686,板橋第二運動場
1687,富貴角風稜石
1688,尖山湖步道
1689,阿里磅瀑布
1690,八仙宮
1691,智成堂
1692,八二三紀念公園(中和公園)
1693,空軍三重一村
1694,板橋435藝文特區
1695,烘爐窯
1696,水尾漁港
1697,金龍公有零售市場
1698,新北市政府行政大樓
1699,祈堂老街(金瓜石老街)
1700,古煙囪
1701,蛇窯煙囪
1702,湳仔溝自行車道
1703,水尾景觀公園
1704,窯廠遺址
1705,金山威靈宮
1706,死囝仔窟
1707,萬里公有零售市場
1708,湳仔溝鐵馬驛站
1709,野柳登山步道
1710,神秘海岸
1711,谷垚陶坊生活藝術館
1712,三聖宮
1713,金山老街(金包里老街)
1714,石碇北宜公路
1715,大豐煤礦1號坑
1716,石碇商圈
1717,烏月登山步道
1718,石碇天后宮
1719,陳萬乞古厝
1720,汐止林森攤集場
1721,滬尾藝文休閒園區
1722,安和國際觀光夜市
1723,忠魂碑
1724,中港大排親水步道
1725,白雲登山步道
1726,員山公園
1727,翠湖步道
1728,汪汪地瓜園產業故事館
1729,菁桐鐵道故事館
1730,文山煤礦公車站
1731,三貂角燈塔
1732,舊草嶺環狀自行車道
1733,卯澳漁村
1734,熊旅溫泉飯店
1735,觀音山遊客中心
1736,舊草嶺隧道
1737,福隆遊客服務中心
1738,小烏來天空步道
1739,石門水庫
1740,大溪老街
1741,竹圍漁港
1742,慈湖陵寢（前慈湖）
1743,新溪口吊橋
1744,後慈湖
1745,拉拉山巨木群
1746,新屋綠色走廊
1747,角板山行館
1748,永安漁港
1749,奧爾森林學堂
1750,八德埤塘自然生態公園
1751,桃園國際棒球場
1752,三坑老街
1753,坑口彩繪村
1754,五酒桶山步道
1755,石門山步道
1756,三坑自然生態公園
1757,桃園觀光夜市
1758,青塘園
1759,桃園客家文化館
1760,溪海花卉園區
1761,虎頭山公園
1762,義美食品生產．生態．生活廠區（觀光工廠）
1763,龍潭觀光大池
1764,東眼山森林遊樂區
1765,中壢觀光夜市
1766,羊稠森林步道
1767,可口可樂世界
1768,金車咖啡文教館
1769,養樂多工廠
1770,三民蝙蝠洞
1771,新勢公園
1772,卡司‧蒂菈樂園（金格觀光工廠）
1773,桃園火車站前商圈
1774,祥儀機器人夢工廠
1775,小烏來風景特定區
1776,綠光森林
1777,阿姆坪薑母島
1778,桃園藝文廣場
1779,桃園酒廠
1780,富田香草休閒農場(富田花園農場)
1781,宏亞巧克力共和國
1782,台茂購物中心
1783,馬祖新村眷村文創園區
1784,中壢老街溪步道、新街溪步道
1785,光泉牛奶園地（大園廠）
1786,桃園忠烈祠暨神社文化園區
1787,大古山步道
1788,大溪老茶廠
1789,巴陵古道生態園區
1790,李騰芳古宅
1791,白沙岬燈塔
1792,南僑桃園觀光體驗工廠
1793,黑松飲料博物館
1794,桃園防災教育館
1795,江記豆腐乳文化館
1796,慈湖紀念雕塑公園
1797,郭元益糕餅博物館
1798,雅聞魅力博覽館
1799,虎頭山環保公園
1800,大溪橋
1801,百吉林蔭步道
1802,蓮荷園休閒農場
1803,羊世界牧場
1804,大平紅橋
1805,觀音濱海遊憩區
1806,范姜老屋群
1807,金蘭醬油博物館
1808,老街溪河川教育中心
1809,大溪河濱公園
1810,大溪中正公園
1811,桃園航空城願景館
1812,石門水庫步道
1813,虎頭山公園全齡友善步道
1814,頭寮經國紀念館
1815,小烏來天空繩橋
1816,源友咖啡文化館
1817,華泰名品城
1818,楓樹坑
1819,羅浮橋
1820,溪口台地
1821,景福宮
1822,義興吊橋
1823,許厝港濕地
1824,歐萊德綠建築總部
1825,中原商圈 (中原夜市)
1826,大溪公會堂及蔣公行館
1827,蘆竹五福宮
1828,台塑企業文物館
1829,林家古厝休閒農場
1830,石門十一份(石門水庫管理局前的石門大草坪)
1831,太平洋自行車博物館
1832,中央大學
1833,桃園市土地公文化館
1834,慈湖遊客服務中心
1835,中平路故事館
1836,龍潭聖蹟亭
1837,大溪木藝生態博物館武德殿
1838,八德三元宮
1839,中平路商圈
1840,東和音樂體驗館
1841,平鎮褒忠祠(義民廟)
1842,好時節休閒農場 (好時節農莊)
1843,桃園1-4號生態埤塘
1844,八德落羽松森林
1845,大江國際購物中心
1846,大溪齋明寺
1847,中壢藝術館
1848,舊百吉隧道
1849,桃園軌道願景館
1850,原住民文化會館
1851,龜山第一河濱公園
1852,渴望園區
1853,富岡老街
1854,眷村故事館
1855,大溪埔頂公園
1856,新街國小日式宿舍群
1857,台灣高鐵桃園站
1858,中壢六和商圈
1859,小粗坑古道
1860,蓮座山觀音寺
1861,GFun機能紡織生活館
1862,長流當代美術館(桃園館)
1863,桃園中正藝文特區商圈
1864,大溪陵寢
1865,龍情‧魔幻豆子主題館
1866,興仁夜市
1867,大溪木藝生態博物館-壹號館
1868,秀才登山步道
1869,龍岡清真寺
1870,觀音自行車道
1871,桃園國際機場
1872,台灣高鐵探索館
1873,福源茶廠
1874,壽山巖觀音寺
1875,老K舒眠文化館
1876,優霞雲瀑布、嘎嘎生態池
1877,甘泉寺
1878,角板山形象商圈
1879,巴陵橋_巴陵大橋_巴陵舊橋
1880,頭寮大池賞鳥
1881,大溪慈湖步道
1882,小人國
1883,大棟山登山步道
1884,乳姑山
1885,齋明寺古道
1886,青林農場
1887,葡萄王健康活力能量館
1888,霄裡大池(霄裡池)
1889,龍潭三水里茶園
1890,桃園77藝文町
1891,九斗休閒農場
1892,御成路古道
1893,溪口部落
1894,龍岡國旗屋
1895,新屋百年石滬群
1896,稻米故事館
1897,忠貞商圈
1898,圓光禪寺
1899,比亞外部落
1900,孔廟
1901,老街溪水岸自行車道
1902,德馨堂
1903,大湳圖書館
1904,戀戀空港灣休閒農場
1905,中壢仁海宮
1906,泉園休閒農場
1907,龍岡圖書館(桃園市立圖書館龍岡分館)
1908,憲光二村
1909,龍岡森林公園
1910,南崁溪水岸公園
1911,泰雅故事公園
1912,環球購物中心桃園A8
1913,觀音草漯沙丘
1914,龜山楓樹坑步道
1915,龍潭區佳安里、建國路123巷
1916,迷宮巷-鳳飛飛故居
1917,中台環境教育資源中心
1918,南崁溪水岸自行車道
1919,泰雅小米園區
1920,楓樹腳公園
1921,大園公園
1922,小木屋休閒農場
1923,國立體育大學
1924,千郁休閒農場
1925,永安北岸濱海遊憩區
1926,爺亨梯田
1927,憶聲電子文物館
1928,龍元宮商圈
1929,桃園慈護宮
1930,大慶洞
1931,羅馬公路自行車路線
1932,三龜戲水
1933,新南老街
1934,羅浮部落獵人學校
1935,彩韻廣場
1936,桃園光影文化館(光影二館)
1937,蛋寶生技不老村
1938,福仁宮
1939,桃園市兒童美術館
1940,龍潭觀光夜市
1941,新民老街
1942,大艽芎古道
1943,觀新藻礁生態系野生動物保護區
1944,耀輝牧場
1945,大溪月眉至龍潭三坑水岸觀光綠廊
1946,赫威神木群
1947,大溪普濟堂
1948,菱潭街興創基地
1949,八德茄苳霄裡陽光鐵馬道
1950,大溪木藝生態博物館-四連棟
1951,樂信瓦旦紀念公園
1952,水濂洞、幽靈瀑布
1953,雲南文化公園
1954,燃藜第紅樓
1955,外社輕便車站
1956,大漢橋
1957,大園商圈
1958,水牛書店
1959,茄苳里埤塘公園
1960,北橫公路自行車路線
1961,魅力金三角形象商圈
1962,大溪木藝生態博物館﹣藝師館
1963,桃園光影電影館(光影一館)
1964,侏羅紀博物館
1965,圳頭里軍史公園
1966,桃蘆坑休閒農場
1967,A8藝文中心
1968,福人登山步道
1969,保甲古道
1970,風禾公園
1971,石門森林休閒農場
1972,大古山休閒農業區
1973,永續資源館
1974,坑子溪休閒農業區
1975,108賴家休閒農場
1976,捷美休閒農場
1977,中正公園
1978,暖暖親水公園
1979,八斗子公園
1980,百福運動公園（百福水漾樂活會館）
1981,役政公園
1982,情人湖公園
1983,富民親水公園
1984,暖暖運動公園
1985,望幽谷
1986,暖東峽谷
1987,金龍湖
1988,泰安瀑布
1989,友蚋生態園區
1990,佛手洞
1991,劉銘傳隧道
1992,清法戰爭紀念園區
1993,築港殉職者紀念碑
1994,北白川宮能久親王紀念碑
1995,扶輪塔
1996,竹堡遺址
1997,市長官邸
1998,海港大樓 (基隆港合同廳舍)
1999,阿根納造船廠
2000,要塞司令部
2001,六堵險圳步道
2002,永嘉景觀步道(紅龍山)
2003,虎仔山步道
2004,姜子寮山步道
2005,紅淡山步道
2006,龍崗步道
2007,荖寮坑礦業生態園區
2008,淡蘭古道暖東舊道
2009,二沙灣砲台(海門天險)
2010,大武崙砲台
2011,白米甕砲台（荷蘭城）
2012,社寮東砲台
2013,獅球嶺砲台
2014,槓子寮砲台
2015,阿姆斯脫朗砲
2016,牛仔街
2017,七堵廟口市場美食圈
2018,八斗子新豐街飲食商圈
2019,大武崙黃昏市場（大武崙商圈）
2020,和平島觀光魚市大街
2021,崁仔頂商圈
2022,基隆廟口夜市
2023,復興路海產小吃
2024,愛六路形象商圈
2025,義二路形象商圈
2026,東岸商場
2027,情人湖濱海大道（外木山濱海大道）
2028,基隆海洋廣場
2029,基隆嶼
2030,正濱漁港（懷舊碼頭）
2031,和平島公園
2032,基隆港
2033,碧砂漁港
2034,潮境公園
2035,大坪海岸
2036,八斗子火車站
2037,基隆市史蹟館
2038,一太e衛浴觀光工廠
2039,七堵火車站鐵道公園
2040,中法戰役陣亡戰士紀念碑
2041,元璋玻璃科技館
2042,國立海洋科技博物館
2043,基隆市原住民文化會館
2044,基隆市議會
2045,基隆故事館
2046,陽明海洋文化藝術館
2047,水產試驗所(水產陳列館)
2048,大菁休閒農場
2049,尚農農園
2050,金明昌休閒農場
2051,暖東苗圃
2052,大牛稠山河居
2053,文良休閒農場
2054,芳裕農場
2055,苓蘭生態農園
2056,泰安市民農園
2057,茶花園
2058,添財休閒農場
2059,盛德農莊
2060,暖暖水源農場
2061,葉山藥園休閒農場
2062,龍順觀光果園
2063,主普壇（中元祭祀文物館）
2064,仙洞巌
2065,老大公廟
2066,基隆福德宮
2067,十方大覺寺
2068,大佛禪院
2069,六堵代天府
2070,月眉山靈泉禪寺
2071,北白川宮能久親王紀念碑
2072,佛光山極樂寺
2073,和平島天后宮
2074,和平島天顯宮
2075,城隍廟
2076,奠濟宮
2077,暖暖安德宮
2078,暖暖雙生土地公廟
2079,獅球嶺平安宮
2080,慶安宮
2081,佛光洞
2082,幾米主題廣場（幾米公園）
2083,呿呿噹森林（丟丟噹森林）
2084,宜蘭火車站（幾米火車站）
2085,莎貝莉娜精靈印畫學院
2086,幸福轉運站
2087,窯烤山寨村
2088,積木博物館
2089,亞典果子工場．蛋糕密碼館
2090,橘之鄉蜜餞形象館
2091,甲子蘭酒文物館（宜蘭酒廠）
2092,舊宜蘭監獄署
2093,宜蘭大學
2094,宜蘭文學館
2095,九芎流月
2096,宜蘭河濱公園
2097,宜蘭設治紀念館
2098,台灣戲劇館
2099,宜蘭運動公園
2100,宜蘭縣文化中心
2101,宜蘭演藝廳
2102,獻馘碑（宜蘭中山公園）
2103,霞宮
2104,宜蘭孔子廟
2105,林氏家廟
2106,宜蘭縣史館
2107,宜蘭昭應宮
2108,陳氏鑑湖堂
2109,菌寶貝博物館
2110,慶和橋津梅棧道
2111,伯朗咖啡城堡（金車咖啡城堡、金車宜蘭頭城造林休閒農場）
2112,頭城老街
2113,烏石魚港 （烏石港遊客中心）
2114,蘭陽博物館
2115,外澳沙灘
2116,大溪漁港
2117,鷹石尖(因地質關係封閉)
2118,外澳飛行傘基地
2119,大溪蜜月灣
2120,外澳濱海遊憩區（外澳服務區）
2121,龜山島
2122,桃源谷
2123,金盈瀑布
2124,北關海潮公園
2125,頭城火車站
2126,北關螃蟹博物館
2127,草嶺古道
2128,大里天公廟（慶雲宮）
2129,頭城休閒農場
2130,河東堂獅子博物館
2131,頭城海水浴場
2132,上新花園
2133,頭城搶孤
2134,石燭凝翠(新峰瀑布
2135,金面瀑布)
2136,北關農場
2137,南門福德祠．財神龜
2138,大里遊客服務中心
2139,金面大觀
2140,竹安溪口水鳥保護區
2141,沙林聽濤(聽濤營地)
2142,石牌縣界公園
2143,北關海濤
2144,石城縣界公園
2145,慶元宮
2146,新長興樹記
2147,北門福德祠
2148,天主堂
2149,盧纘祥宅
2150,吳惠仁宅
2151,頭城文創園區
2152,湯圍溝溫泉公園
2153,礁溪四圍堡車站-笑笑羊主題館(前魔法世界奇幻餐廳)(已歇業)
2154,龍潭湖
2155,猴洞坑瀑布
2156,五峰旗風景區
2157,辣椒文創館
2158,金車礁溪蘭花園
2159,金車生技水產養殖研發中心
2160,跑馬古道
2161,猴硐瀑布
2162,礁溪地景公園
2163,武暖石板橋
2164,礁溪溫泉
2165,金棗文化館
2166,礁溪溫泉公園
2167,宜蘭縣旅遊服務中心(礁溪溫泉會館)
2168,玉田弄獅．慈天宮
2169,礁溪高爾夫球場
2170,礁溪協天廟
2171,吳沙故居
2172,礁溪龍潭湖畔悠活園區
2173,潭酵天地觀光工廠
2174,永鎮海邊(永鎮海濱公園)
2175,蘭陽溪口水鳥保護區
2176,濱海自行車道
2177,東港濱海公園
2178,草垛大觀
2179,宜蘭壯圍過嶺保安宮（太子廟）
2180,望龍埤
2181,雙連埤
2182,金車噶瑪蘭威士忌酒廠
2183,深溝水源生態園區
2184,大湖風景區
2185,福山植物園
2186,內城生態社區
2187,金車員山蘭花園
2188,雷公埤公園
2189,員山機堡
2190,員山公園
2191,枕山休閒農業區
2192,太陽埤
2193,崩山湖果園
2194,結頭份大樹公
2195,三元宮
2196,尚德村河濱公園
2197,鼻仔頭公園
2198,林家古宅
2199,員山忠烈祠
2200,樹木教育農場
2201,羅東運動公園落羽松森林
2202,羅東林業文化園區
2203,羅東夜市
2204,羅東文化工場
2205,羅東車站
2206,羅東農村文物陳列室
2207,樟仔園文化園區
2208,羅東文化中心極限運動場（羅東新林場）
2209,羅東運動公園
2210,北成庄荷花形象館
2211,羅東鎮立圖書館（李科永紀念圖書館）
2212,羅東中山公園
2213,宜蘭縣自然史教育館
2214,羅東綜合體育場
2215,安農溪分洪堰風景區
2216,三星青蔥文化館
2217,長埤湖
2218,槍櫃城遺址
2219,三星公園
2220,安農溪泛舟
2221,清水地熱(石門溪)
2222,棲蘭森林遊樂區
2223,太平山森林遊樂區
2224,思源啞口雲海
2225,松羅湖
2226,明池森林遊樂區
2227,鴛鴦湖
2228,翠峰湖
2229,梵梵溫泉
2230,南湖大山
2231,中國歷代神木園區
2232,玉蘭休閒農業區
2233,鳩之澤溫泉(原名仁澤溫泉)
2234,泰雅大橋
2235,寒溪探幽
2236,思源埡口
2237,牛鬥苗圃
2238,南湖群峰
2239,鳩之澤自然步道
2240,太平山蹦蹦車
2241,國立傳統藝術中心
2242,冬山河親水公園（冬山河河濱公園）
2243,玉兔鉛筆學校
2244,五十二甲賞鳥區
2245,五結防潮閘門
2246,利澤簡養鴨中心
2247,利生醫院
2248,二結庄生活文化館
2249,四結長老教會
2250,慈林紀念館
2251,中興文化創意園區
2252,梅花湖
2253,新寮瀑布
2254,香格里拉休閒農場
2255,三清宮
2256,草湖玉尊宮
2257,冬山風箏館
2258,冬山河森林公園
2259,大進休閒農業區
2260,仁山植物園
2261,丸山遺址
2262,珍珠社區
2263,仁山苗圃
2264,中山休閒農業區
2265,大洲分洪堰風景區
2266,萬長春圳公園
2267,武淵水火同源
2268,邱比準射擊博物館
2269,南方澳
2270,南方澳漁港
2271,蘇澳冷泉
2272,豆腐岬
2273,蘇澳港
2274,內埤海灘
2275,東澳灣‧粉鳥林漁港
2276,南方澳觀景台
2277,朝陽漁港
2278,瘋狂夢想藝術園區-ROBERT Y 廢墟
2279,烏石鼻海岸
2280,武荖坑風景區（武荖林泉）
2281,南澳火車站
2282,蘇澳火車站
2283,朝陽山海生態村（朝陽社區）
2284,朝陽國家步道
2285,白米社區木屐館
2286,大南澳天后宮
2287,蘇花古道．大南澳越嶺段
2288,無尾港
2289,涵軒帝雉生態館
2290,砲台山
2291,南方澳南天宮
2292,珊瑚法界藝術館
2293,無尾港水鳥保護區
2294,南安國中漁史文物室
2295,羅堤督開路碑
2296,奇麗灣珍奶文化館
2297,宜蘭餅觀光工廠
2298,神秘湖
2299,東岳湧泉公園
2300,南澳生態教育館（原為原生植物園）
2301,澳花瀑布
2302,南方澳陸連島
2303,泰雅文化館
2304,南澳綜合運動場
2305,東澳國小
2306,南澳南溪
2307,南澳農場
2308,張公廟觀光夜市
2309,南澳觀音海岸
2310,南澳北溪
2311,茂興懷舊步道
