信義區的文青景點，四四南村好吃好買好拍蘇阿姨披薩屋是屬於單點制,很適合家庭或是一群朋友去的餐廳,不過不接受訂位,所以用餐時間去吃可能要排一下,我們去是避開用餐時間,幾乎沒有等到喔!這次去松山是去看愛馬仕奇境漫遊展覽~ 這展覽居然是免費參觀,巡迴地點曾遍及國外各大城市,台灣是最終站,如果你是HERM?S的愛好者,絕對不能錯這個欣賞的機會!整體來說，我是覺得大師兄銷魂麵舖是個值得來吃一次的店，麵真的是 QQ 又有嚼勁，搭配的牛肉湯口味也不錯，但不到吸引我來吃第二次的程度。
這次去士林，是從5月考完試有逛過之後，才又再來的，因為去的時間比較早，所以很多店家都還沒有開門，於是我們先去了辛發亭，這家冰店我媽媽一直推薦的，之前去的時候都還蠻多人在排隊的，這次應該是時間的關係，人相對的比較沒有那麼多，這間店在我媽媽還是學生的時候，就存在了，可說是非常有歷史的一間店了，我們點了2碗雪花冰一起吃，他的冰真的還蠻好吃的，牛奶的冰配上紅豆，吃起來真的好吃，而且也不會太甜。吃完冰之後，陸陸續續一些衣服店也開了，我們就先去逛逛，之後天色慢慢的暗了下來，慢慢的人潮就出現了，一路上也買了不少的小吃，有雞排、碳烤臭豆腐、珍珠奶茶...等的，那裡的小吃真的什麼都有，一路上也遇見了很多的日本人，應該也是學生來臺灣交流，順便體驗臺灣的平民小吃跟夜市的文化，去過了國外之後，發現在臺灣真的無時無刻都能有東西吃，而且價格也都還可以，食物也好吃，雖然只有短短半天的時間，但是還是有了很多的回憶出現，希望還有機會可以跟朋友一起來這裡，一 起吃、一起玩，這次旅行就這樣結束了。
每週一 公休週二～週日 09:30～17:30當期有三個展覽～～每個展覽都有自己的展期可以選擇自己喜歡的展去觀賞！週二公休週一到週五 12:00～20:00週六 11:00～21:00週日 11:00～20:00位於永康區最靜謐的一家咖啡廳～～店裡面的設計非常有風格結合了復古風但卻又有現代居家風有許多不同的藝文展覽可以去參觀～有些展覽是免費入場的呦！這是大概傍晚的時候拍的西門町算是去過台北的人一定去過的一個地方～～
這間店在台北市大安區市民大道四段10號是在台中很夯的路地?の怪物所開的分店，一開始是被這間店可愛的冰品所吸引住目光，這間店她有兩層樓，外表示水泥牆內部裝潢真的超級可愛，有時候壓力大來這間店看到可愛的冰品不自覺壓力都不見了呢，他分一樓用餐區和二樓座位區，店內很多地方能拍照，而且怪物們都很可愛一邊吃冰一邊欣賞他們壓力煩惱都吃了進去呢!!偶爾來點小點心小冰品也不錯呢!!看展覽真的很能紓壓呢，偶爾也可譯去台北看些展覽放鬆自己的心靈喔，讀書壓力大嗎?找天台北一日展覽來逛吧，即使待在展覽內一整天都部會無聊呢!!可愛的飛天小女警真的能帶走心理的煩惱，大家把煩惱寄託在上面吧，裡面的療癒設計和常見的場景都讓人愛不釋手喔!喜歡拍照的朋友一看完展覽相機裡面應該都會有他們滿滿的身影，因為真的很好拍照呢，這景點推薦給愛拍照的朋友們。
出捷運後首站我們來到了淡水老街，曾是北台灣第一個啟用的港口淡水港，後因基隆港的開通及泥沙淤積，逐漸喪失商務功能，而轉型為觀光。一般人俗稱的老街指的就是中正路（昔日滬尾街），中正路一帶仍可見到台灣傳統的長條型連棟式街屋，老街的人潮也吸引許多攤販在此擺攤做起生意。「阿給」是淡水原創的代表性小吃，到了淡水當然要品嚐一下「阿給」的創始店囉！在淡水的真理街上，此處除了古色古香、綠樹成蔭，以及有著熱門電影所取景拍攝的美麗校園外，對我們家而言會走到這來，還因為有著兩家始祖級的阿給老字號店家。一家是阿給創始店的「老牌阿給」，另一家則是擁有著不少忠實客群的「文化阿給」。吃飽後走著走著來到了淡水紅毛城，進去是需要門票的，但可以一票讓你玩到底，紅毛城最早建城是在1628年統治台灣北部的西班牙人所興建的「聖多明哥城」，但後來聖多明哥城遭到摧毀，1644年荷蘭人於聖多明哥城原址附近予以重建，又命名為「安東尼堡」。至於為什麼叫紅毛城呢？因?當時漢人稱呼荷蘭人為紅毛，因此這個城就被他們稱作紅毛城。結束玩紅毛城之後，搭著我們公車前往下一站，淡水漁人碼頭，而淡水漁人碼頭原只是一個傳統的小漁港，如今，漁人碼頭不但擁有一座美輪美奐的浮動碼頭，其中漁人碼頭最著名的景點，就是330多公尺的木棧道、堤岸咖啡和超大的港區公園，構成一個環狀動線，讓人們可以完整流暢的體驗漁港風情，站在步道遠眺對面的觀音山和出海口盡頭的台灣海峽，看著夕陽從水平面上緩緩落下，美景之盛，令人流連忘返。
西門町是台北西區最繁華的地區，想的到的吃的、喝的、玩的，各式各樣的店家都有萬年商業大樓是去到西門町必去的著名商場。一樓賣的是高級鐘錶及化妝品，中間二至四樓有動漫模型和電玩店、服飾店，五樓是青少年最愛的湯姆熊歡樂世界，而地下一樓則是美食街這間燒肉店就位於西門六號出口，店家位在五樓，可以直接搭電梯上去
之前一直都沒有時間來，現在終於來到嚮往已久的動物園準備觀賞各種動物的美，心情非常期待呢~~~關於價錢全票NT$60元；適用一般成人。團體票NT$42；適用30人以上團體。優待票NT$30元；適用國小以上、持證之學生軍警、台北市低收入戶者。我們是學生只要30元 超便宜的啦~來動物園當然要來搭貓纜啊!!!在動物園往商圈的方向有一個貓纜乘車站，還要再走一段路之後肚子餓於是我們來到深坑，來當個觀光客逛逛老街深坑老街至今已達有90年以上的歷史，不論老街內的歷史建築或是美食小吃，都徹底地展現出台灣早期濃濃的傳統特色風味，也因為如此，總是吸引不少遠從國外的遊客們到此參訪，拍照留念。
一日之計在於晨，上學的早餐都只能方便解決這天的早餐終於可以吃好一點的了！吃到以前就想吃的早餐 -->「高三孝碳烤吐司」當天早上很早就出門了，只因為想快點吃到鼎鼎有名的碳烤吐司！【店家資訊】高三孝碳烤吐司專賣店店址：台北市中正區南昌路一段31巷11-4號電話：(02) 2322-5918營業時間：週一至週六 6:30~14:00每當我有空的時候都會到松山文創園區的誠品逛逛因為那裡的文藝氣息可以讓我心情放鬆我不是一個喜歡看書的人可是每當到那裏的時候就會自然的拿起書看了整個下午之久【店家資訊】松山文創園區地址：台北市信義區光復南路133號電話：(02)2765-1388營業時間：園區內-室內區域：9:00~18:00園區內-戶外區域：8:00~22:00園區生態景觀池周邊範圍：24小時開放逛著逛著就到了午餐時間了松菸旁邊就開一間在日本稱霸的牛丼專賣店 「すき家 Sukiya」主打著平價及日本當地口味 吸引了大批民眾朝聖每當吃飯時間就會見到大批人潮我們這次去剛好剩最後的位子 一樣沒排隊！！【店家資訊】すき家 Sukiya 國父紀念館店店址：台北市光復南路180巷4號　(國父紀念館站1號出口 或 5號出口)電話：(02)2299-1008營業時間：10:00 ~ 23:00吃完午餐後我們就到另一個文創園區--->華山文化創意產業園區裡面展出許多展覽我們就看到星巴克 STARBUCKS COFFEE的展覽這次星巴克推出的展覽主題是：居家星體驗總共有三層樓的展區透過一些星巴克的元素打造成一個家的感覺【景點資訊】華山1914文化創意產業園區地址：台北市中正區八德路一段1號在假日的時候 我最常去的地方就是西門所以我這次也不免俗地要去西門逛！再玩完一整天後 身為景美人的我就回到景美夜市結束這整天的行程【景點資訊】景美夜市地址：台北市文山區景美街
餐點種類多樣化，適合多樣化食物的人，價格平民，幾乎都在99元以內，除了牛排外！沒有用餐時間的限制，適合聚餐的好所在！
十分大的地標，第一次來還迷路了。我是在下大雨的時候到達的，這是我第一次到台北，透過朋友介紹知道的。1885是一間漢堡店，整體看板色調也著重美式風格，因此很容易被認出，一客大約220~250左右，但我覺得十分值得，推薦給第一次來台北的人。小黑糖特別有名的是它的黑糖珍珠鮮奶茶。我們去的這間離1885十分近，行程上很方便就這樣帶著一杯走非常時尚，十分有名。當我想到台北就想到101。 它是一個具有代表性且一定要走走的地方，在這裡怎麼拍都好看，而且它結合許多機能，包含和世貿構成的血拼美食天堂等。還有公共地景藝術，甚至有101藝廊，是值得一去之地。將貨櫃和攤位結合的想法緣自國外，利用廢棄地改造。這裡有超過二十個攤位，各地的風格都能發現，在這裡怎麼拍都很網紅網美，而且還有各式風格的攤位，就好像環遊世界一般很有特色。踏上歸途，第一次到台北。
有分菜包肉包，我覺得好好吃，在肉包內陷中加入了高麗菜，搭配起來較為清甜不油膩景美集應廟位於景美街37號，供奉的主神：保儀尊王俗稱「尪公」，相傳是唐朝安史之亂死守睢陽的張巡和許遠，是文山區唯一的三級古蹟。原置景美舊橋旁靠溪邊之處，後移至今景美國小旁面向景美橋之處，上端橫書「開道碑」3字牆上塗鴉不會被罰！ 沿著開道碑溪畔建造的自行車道，在鳴遠橋下的涵洞可以看見具有色彩強烈的街頭塗鴉，塗鴉族自由揮灑，簡直是藝術品啊。
大安森林公園位於台北市大安區，堪稱台北市之肺，台北荒野保護協會都會在這辦活動邀請大家參加漫步大安的自然生態之旅。在台北午餐就是要去吃最有名的涮涮屋，從前菜到甜點每道都完美的讓人無可挑剔。晚餐時段至少須提前一個禮拜預約，否則可能會因為沒有位置而撲空吃不到。這裡很適合跟朋友一大群人來溜冰玩樂，而且很便宜，每周一跟周四有學生優惠，兩個小時只需要150元而已，但暑假寒假期間不是用這個優惠。營業時間到晚上九點才結束，不用怕放學後來不及去溜冰。溜完冰累了可以在東區找一間餐廳坐著休息，這間的珍珠超可愛是做成熊貓形狀，午茶控絕對不能錯過的一間午茶店，附近就是東區商圈，能夠盡情地逛街。
騎著UBike，在起點來張合照吧!頂著夏日艷陽，奔馳在河濱自行車道上，驚喜和雀躍般的心情，緩緩朝終點邁進，一股腦兒的傻勁，汗水遍布身體每個角落，靠著賣力的雙腳，不被挑戰動搖的毅力，先經過了中繼站內湖，小歇一會，灌進滿肚子的電解質，補充體力，儲備能量，前進士林，雖然發生了迷路小插曲，焦慮和不知所措卻沒有讓我們的士氣減落，成功完成奇蹟般的任務，抵達目的地!完成單車之旅後，精疲力盡，來到令人垂涎三尺的夜市，讓我這個美食饕客的胃開始蠢蠢欲動品嘗了王子馬鈴薯，濃濃的起司香，酥脆的馬鈴薯配上滿滿的現料，真的是極品啊!還有碳烤香氣十足的小酥餅、芝麻燒餅，Q彈的餅皮，能吃出店家的用心呀。即使只有短短的兩個旅程，卻有著難忘珍貴的回憶，享受過程的美好，吃遍簡單卻不平凡的夜市小吃，帶著滿滿的收獲，佩服讚嘆我們的熱血與勇氣，劃下完美的句點!
"旅程的開始先填滿體力，而且，誰說月底就不能享受高級美味的法式餐點呢?坐落在公館商圈的法語人之家，就是我實現願望的地方，每每拜訪，鹹食甜點都在水準之上，讓人總惦記著再訪~小資女孩的享受方程式：點一份招牌的絕對檸檬塔 + 一份看似簡單但味道一流的法國三明治( 旅費節省小撇步1：使用街口支付結帳打95折喔 )( 旅費節省小撇步2：如果還覺得不飽，一旁的公館商圈有各式銅板小吃可以續攤喔 )Introduce 》法語人之家 Caf?t?ria La Maison提供想品嘗法式道地餐點的朋友，一個不昂貴的響食天堂希望各位都能在這品味關於你的法國角落呼吸你的法國靈魂─節錄自法語人之家粉絲專頁介紹用美食加值完體力後，第二個景點要幫心靈充充電囉！就在不遠處，有個免費享受自然景色+藝術人文的好地方"" 寶藏巖國際藝術村 ""接下來大約步行15分鐘就能抵達，沿途還能順便逛逛公館商圈，來個window shopping讓交通時間也不無聊。享受自然，這裡有山城裡的碧綠清新氣息、新店溪水岸的景色享受藝文，這裡有隨處可見的裝置藝術、藝術家的展演空間穿梭蜿蜒小徑，上下木棧道之間，儘管不是首次造訪，還是無法預期下一秒會有什麼驚喜映入眼簾，這就是旅行最可愛之處。離開寶藏巖，已是下午時分，為了傍晚的行程做準備吧。可以選擇回到公館商圈；或是再從公館搭上捷運，直達西門町開始採買平價又美味的野餐餐點！(什麼，你說要去哪裡野餐? 賣個關子，等等就知)來到西門町，人擠人一下才有假日放假的感覺嘛!順道看看最近有什麼新奇的商店開幕了！買到了有名的去皮焗烤馬鈴薯，排隊人潮雖長，但動線很有規劃，一下就輪到我們，拿著熱騰騰的美食，前往旅程最終站囉。每到假日，大安森林公園常有各式的活動，戶外舞台更是常有高品質的免費演出，展開旅程前，先收集一下情報，就能有大大的收穫喔！這次的旅行，我們享受到的是「2017台北爵士音樂節」的演出，來到舞台前的大草地席地而坐，擺出買好餐點，身邊是被樹木包圍，耳中聽見悠揚的爵士樂，還能一邊野餐，隨著音樂律動輕輕搖擺身子，讓人放鬆的閒適氣息，就是旅行的迷人之處。不用付出高額的費用，甚至完全免費，依然能在這城市中找到美好的去處跟享受優質活動。夜幕降臨，帶著滿滿的好心情，為這台北漫遊畫下一個逗點，下個周末見！"
這次旅行我們是想走一日遊的概念(*¯︶¯*)第一站決定是擎天崗，再來是信義101的周邊景點-早晨-從台中搭乘客運抵達台北轉運站之後再搭捷運到劍潭站，轉搭小15公車前往陽明山只能說這一天的行程很幸運總是在我們抵達的同時車子就馬上來了到山上的車程也是很艱辛的哈哈~那個坡道呀彎道呀，還有整台車擠滿了人的悶熱感來這裡的交通就花了半天的時間不過一下車就知道這一趟是值得了!下午吃完飯逛逛101之後打算換去新光或是ATT逛逛走著走著就來到了COMMUNE7貨櫃市集了
"一大早由台中朝馬搭乘客運到台北轉運站，大約早上8點步行至阜杭豆漿，排隊的人潮從華山市場二樓到一樓而且繞著整棟大樓，我們至少排了半個多小時才買到...。接著搭乘捷運信義淡水線(紅線)至淡水站下車，大約45分鐘，一直沿著老街往上走就會到紅毛城、小白宮、真理大學，憑學生證可免費入園參觀，充滿著歷史的味道，很適合文青們到這邊參觀及打卡。真理大學一旁緊鄰著淡江高中及國中，繼續往下走會到”文化阿給”，聽說這是周杰倫高中時期的愛店，當然要來品嘗看看!淡水老街主要是中正路及多條小巷子翰最外圍的黃金海岸，阿給、魚丸、鐵蛋都是淡水必吃的特產，此外還有魚酥也是相當多人排隊的特色零嘴喔!淡水還可以坐船到漁人碼頭看日落。晚上搭捷運回到台北車站後轉公車可以抵達南機場夜市，南機場夜市滿滿都是美食而沒有一些玩樂的攤販，門口第一間""山內雞肉飯”就大排長龍了，招牌的雞肉飯一份要80不過可以看到滿滿的雞肉，冰涼的雞肉配上淋有雞油的白飯真的超好吃的，2人一份吃完後大概已經有了5分飽繼續往前走到了基隆黑輪綜合甜不辣，3個人一起隨便點了5樣就超大一盤，還附上每人一碗湯，吃完後根本要撐破肚皮了...超級飽!結束一整天的行程，第一次到這些地方覺得充滿驚奇，而且還吃了很多在地美食。"
一大早搭乘統聯客運＄260從台中前往台北準備開啟遊玩模式但一下車就先在京站和台北車站的連接通到迷路了嗚嗚嗚大家都知道台北車站像個大迷宮好不容易經過一番求救終於走到火車站準備和安安相聚一同前往一整天的目的地 - 平溪交通方式從台北車站出發至瑞芳站等待前往平溪的火車往平溪的火車班次並不密集，通常是一小時才會有一班所以在出門之前還好有安安都把這些查好!真的是太感謝啦~~~平溪線有一日的全程票但我們沒有買一天的套票因為覺得每個景點都玩其實太趕了所以是個別到站之後重新買單程票價一開始就先來到了最期待的平溪但是實際到之後覺得跟想像中落差很大因為其實軌道沒有很寬很長所以就只是跟路人的柴犬合照了一下紀念來到平溪車站就前往了十分車站這是在十分車站的公告圖相較於平溪我個人真的比較喜歡十分 我覺得景點比較多沿路上都是放天燈的店家為了趕上四點半的車回台北我們一開始用急速想先完成看景點的行程因為安安每個景點都算好時間所以我們的行程算有點趕去十分瀑布的沿路上都是用跑的因為等等要留時間拿來放最期待的天燈~~~~十分瀑布真的很壯觀只是人也很多因為看瀑布也不是這趟行程的重點我們就沒有走到很高的地方把瀑布都拍出來 只是拍個到此一遊的紀念照就趕快走回十分老街準備放天燈囉~~~~在吃飽喝足後當然就要搭夜班車回家囉在這裡個人真的很推薦和欣客運個人位置很大以外票價其實和其他家客運業者沒有太大的差別讚讚車票＄260元期待下次再出遊~
地址：台北市大同區民樂街61號1樓營業時間：8:00~15:00(每週日公休)迪化街207博物館前身為一間中藥行-廣和堂，從今年4月到12月展出「無所不在的藝術-台灣磨石子特展」，免費開放參觀，共有四層樓，值得來逛一逛。開放時間：10:00~17:30(每週二休館)地址：台北市大同區迪化街一段207號營業時間：10:30~18:30地點：台北市大同區迪化街一段240號
前身為台北酒廠的華山1914文創園區，現在搖身一變成為最夯的旅遊景點，園區內保有濃厚的日式風情，也有許多文創小店，餐廳進駐，此外華山也不定時舉辦各種主題的展覽，近期的展覽是由台灣啤酒舉辦的「超‧微醺趴」，對文創有興趣，喜歡看展的朋友們一定不能錯過這裡。乾隆年間落成的龍山寺，自清領時期以來一直就是艋舺(今萬華)地區的信仰中心，主要供奉觀世音菩薩的龍山寺一直是香火鼎盛；而地處台北市的龍山寺也吸引了外國旅客的到訪，在寺內常常能看到各國的面孔，非常有趣。「龍山寺」不只代表了台灣的信仰，也替台灣在國外遊客的腦海中留下了深刻的印象。走在剝皮寮歷史街區，看著四周老建築，讓人有種回到過去的感覺，根據紀載這裡曾是過去宰殺動物取皮革的地方，所以叫做剝皮寮，隨著年代更迭，產業的沒落，至今這裡已經變成台北市的熱門景點之一，加上電影「艋舺」的拍攝，讓知名度更加上升，在龍山寺拜拜完之後，不妨來這裡走走吧!走了一整天，該來shopping一下了，距離龍山寺站僅一站的距離，這裡是現時台北繁榮的地區之一，有許多知名品牌進駐，例如最新開幕的Jordon旗艦店及全台灣最大的H&M等，相信大家也都不陌生。身為年輕人的我們來台北怎麼能不來西門逛逛呢?位於西門町內遠近馳名的阿宗麵線，鮮美的柴魚湯頭，滷到恰到好處的豬大腸，搭配上店內的秘密三寶「辣椒醬、烏醋、蒜泥」，讓本身就好吃的麵線，風味更加提升，走了一整天，來上一碗熱騰騰的大腸麵線暖暖胃，真的是種享受，雖然需要排隊，但trust me當你吃下第一口，再多的等待都是值得的。
第一站我們來到了土地銀行的舊址，現在整修後是台灣博物館的分館參觀。裡面有許多的常設展，而我們這次所參觀的恐龍特展與土銀歷史展就是其中的兩個，除了能看到許多的栩栩如生的生物標本和雄偉的恐龍化石之外，還有土地銀行從日治時代保留下來的書面紀錄和以前的計算機，前‧金庫也能進去參觀，享受時代的氛圍。＊店家資訊:地址： 100台北市中正區襄陽路25號(臺大醫院捷運站4號出口)開放時間：星期二至星期日 09:30–17:00星期一 休息電話： 02 2314 2699全票30元/優惠票15元 (持本票可逛台灣博物館)土銀博物館裡面有一間恐龍主題餐廳，在吃飯的時候有許多的恐龍陪伴，可以邊欣賞邊與好友話家常，每個桌上也都有可愛的小恐龍看著你喔！！＊店家資訊:營業時間:9:30~18:00電話: 02 2382 5665#31228紀念公園吃飽飯後我們來到了土銀博物館附近的228公園走走消化消化，裡面有很多中式建築和庭院造景，在這具有歷史意義的地方中，象徵和平的鴿子漫天飛翔著，伴著人們度過優閒歡快的下午時光。我們也看到了騰雲號與九號蒸汽車，透過玻璃窗，想像著當年他們輝煌的風采。小品雅集之後我們來到了隱藏於小巷的小品雅集，小小的店裡是鋼筆愛好者大大的寶物庫，在這間鋼筆專賣店裡親切的店員們會與你分享許多鋼筆的知識，讓初學者也能輕鬆接觸鋼筆的深奧世界，也有很多不同種類的鋼筆和五彩繽紛的墨水等著你去發掘喔～＊店家資訊:地址： 106台北市大安區瑞安街208巷76號(大安捷運站5號出口)開放時間：星期一至星期六 12:00–22:00星期日 休息電話： 02 2707 9737心滿意足的挖寶完後，我們來到了位於小品雅集後面，和228紀念公園一樣有著寬闊草原的大安森林公園。但不同的是，這裡更為清幽，還有一座大生態湖能夠駐足欣賞鳥兒與魚的互動，也發現了沒看過的鳥類悠然自得地立於湖中，例如藍鷺，縮成一團真的好可愛～也看到小鷺鷥進食的過程，醉心欣賞的同時時間也緩緩得流逝而去。離開了悠悠的大自然美景，我們來到了繁忙的西門町，這裡有一間周杰倫老婆昆凌所開的Machi Doggie，這名字的由來是以他們家的狗狗下去命名的。工業風的裝潢中到處都可以看到狗狗的元素，剛硬與可愛共融於一處。享受美食不用害怕寵物孤單，這裡可以帶寵物進去，還有電影可以欣賞，更特別的是有機會巧遇周杰倫喔！＊店面資訊:地址： 108台北市萬華區中華路一段162-2號營業時間:11:30~22:00電話： 02 2311 2227吃飽喝足，我們在西門町四處逛逛，享受著台北夜的氛圍，在人來人往的街道之上，我們回憶著今日的悠閒。大大的台北裡，許多的故事正在不斷四處前進中。
信義計畫區的土地開發和眷村改建的政策居民漸漸遷出，至民國90年3月才將四四南村列為歷史建築物世界第八高樓，環地震帶最高摩天大樓，台灣最高辦公大樓休閒散心好地方，不時會有些活動，也有街頭藝人，十分熱鬧美食聚集地，名店雲集，絕對能夠滿足你的胃
親愛的旅人 ，來松菸之前你們會做什麼?松菸、誠品松菸的網頁上，有許多深入的園區介紹、過去寶貴活動紀錄，像是特色場地、創意扶植單位、周邊藝術裝置與店家、藝術體驗課程等。因此不妨準備一張「腦內藏寶圖」，如此將為實際探訪過程，帶來更深刻的空間與人文感受 ~事不宜遲，立刻來欣賞【喀擦城市】台北松山文創園區 一日攝影之旅文章遊記GO !走過繁華，終入炊煙，誠摯向旅人們獻上私房推薦餐廳-好聊咖啡。此為前兄弟飯店日式料理團隊一手調味健康飲食，僅用「外表樸質，內功雄厚」驚喜形容，食材的底蘊、低卡少油少鹽的美味，令寫手甘願於此多嘮叨幾句，願旅人們在此有場美好安頓。【店家資訊】地址： 110台北市信義區忠孝東路四段553巷16弄7號營業時間：  11:30–21:00電話： 02 2766 1370價位:100$~350$(不含服務費)
首先是台北最火紅的早午餐「餵我早餐」，早上八九點就已經看到一堆人在裡面用餐了，內用還要等一個小時多，於是只好外帶到隔壁的大安森林公園去野餐囉～接下來是下一站，就是台灣知名地標台北101，台北101附近還有很多地方可以逛的，像是ATT 4 fun、貨櫃市集。逛完台北101之後，接著是爬象山親山步道，步道全長是1450公尺，可以眺望台北101的美景。爬完步道大家都累到肚子餓了，於是我們沿著捷運回到信義安和站，再走一小段路，來到了傳說中超難訂位的餐廳。地址：台北市大安區光復南路308巷47號
""
""
【第一站：捷運龍山寺站3號出口】新富町文化市場是日治時期的公有市場，台人與日人於市場販售各種美食。二戰期間因營運困難，市場一度陷入了停擺，直到戰後才又重新開放。至2017年，新富町市場以嶄新的樣貌再度開放，成了一個多元文化的學習空間。【第二站：捷運芝山站 → 轉乘兒樂一號線公車】最近在IG上熱門的打卡聖地─關渡花海，吸引許多族群在不同的花季前來捕捉美景。活動期間一共分成三檔花期：第一期－2017/08/25～09/15－大百日草第二期－2017/10/01～12/15－天使花2017/10/27～12/15－黃波斯2017/11/12～12/15－向日葵第三期－2018/01/01～02/28－粉萼鼠尾草／大波斯【第三站：捷運六張犁站】陸角Omurice餐廳是一間雙醬歐姆蛋包飯專賣店。主餐歐姆蛋包飯可以選擇兩種醬汁，還可以免費搭配起司，對起司控而言是一大福利喔！內用餐點$200起，因為店面規模較小，可容納人數少，若外帶餐點，有提供優惠價格$170起。【第四站：捷運木柵站 → 轉乘台灣好行795號公車】沿途為山路，抵達菁桐老街約需60分鐘。菁桐老街以吊掛許願竹為名，一個許願竹售價$40。遊客可以將許願竹吊掛在軌道兩旁，同時欣賞周遭來自不同語言所傳達的心願。【第五站：菁桐老街沿著台鐵軌道步行20分鐘】沿著軌道欣賞四周風景，沒有城市的喧囂，只有純粹的自然音樂。站在軌道上，看著天燈緩緩飛升，希望寫下的心願都能實現。平溪老街有販售單色天燈$150，和四色天燈$200。我們選了四色天燈，分別代表平安、愛情、前途、智慧。結束天燈之旅，搭乘台鐵返回台北轉運站。
中午後台北飄著綿綿細雨，我們把車停在附近的停車場徒步到四四南村，很喜歡這邊的感覺，遠遠可以看到現代建築台北101，但身在以前1948年國民政府在台所興建的第一個眷村。四四南村旁邊的文創商品小店～這間眷村料理開店餘20年，雖然招牌看起來不太起眼，店內擺設也很簡單是一位老夫妻開的麵館。午餐大約花費320後來搭車來到了公館為了就是這間是鴉片粉圓！
煩厭了都市頻密的腳步，想尋找寧靜而親近大自然的旅點。漫步安逸而寧靜的猴硐貓村。搭上火車漫漫等待。晚上穿越人山又人海的饒河街夜市。跟隨緊湊的腳步，進入人來人往的市集。
中午到了臺北，先去了這間早餐店，只有賣土司、蛋餅、法國土司，雖然只賣三樣東西，但可以說是不會踩雷的早餐店了，不會太油膩也不會重口味，用餐環境好，缺點就是在尖峰時段要排隊。平均消費：100元/人我們先去臺北松山文化園區，因為剛好有感興趣的一個展覽。我相信只要是女生，應該多少都會知道法國精品hermes這個品牌，而這品牌很多的皮包款式是可遇不可求的，簡單來說就是你有錢可能也買不到。在一個追求物質的社會風氣，更讓我好奇這個品牌展覽的東西是不是也格外特別？愛馬仕奇境漫遊展覽會帶給我們什麼？一進去先發給我們每人一隻很像放大鏡但鏡片非凸透鏡鏡片的東西，因為展內有些面板透過鏡片會有意想不到的畫面（圖一）。館內營造了巴黎人的生活習慣，並衍生展覽主題「奇境漫遊」，有十字路口、咖啡館、帶頂棚的拱形走廊甚至是大雨過後的不同面貌，在不期而遇中會探索到展內的很多巧思。由圖可知，從很多「細節」、「創意」，甚至「光影」（圖二）達到與眾不同的效果。充滿閒情與想像力的藝術裝置，近距離地感受到品牌是用熱情和細膩點燃的，所以說為甚麼魔鬼藏在細節裡!!看完展覽深深感受到主辦的用心，原本還很害怕是個多以印刷為主的展覽，沒想多以實體和布景呈現。門票：免費入場營業時間 周五至周一12:30~19:00地址 台北市信義區信義路四段400巷6弄2號 ( 捷運信義安和站 )接下來想介紹的是一個甜點師黃偈，最一開始他只在facebook登記然後面交，經過幾年的出國進修，他開店在新店的山區，因為愈來愈多人慕名而去朝聖，也影響到山區附近鄰居，近年才搬家到信義區。為甚麼河床工作室特別呢？我認為這是間內外兼具的甜點店，每個甜點背後都有它的故事，或是要表達的公共議題，甜點的食譜也是自己寫自己試做試吃，才會讓消費者購入。店家也為了響應環保，不提供一次性餐具，只要外帶甜點，一律自己帶保鮮盒，服務業能有這樣的堅持，真的難能可貴。平均消費：250元/人吃完甜點我們去象山走一走，也在山上休息了一下欣賞夜景，象山的步道規劃得很好，指標也清楚。最後到了一間酒吧，有晚餐也有無酒精飲料，餐點義式中式點心都有，非常適合聚會聊天放鬆的地方，也結束了第一天的臺北輕旅行。平均消費：350元/人第一天行程交通費：150元/人臺北真的是個好地方，第二天我們睡到自然醒，約莫中午還是有早餐可以吃，非常推薦愛吃辣的朋友來吃這個“狠辣蛋吐司”，愈吃愈過癮，份量也挺多的，店裡也有賣各式各樣的口味。平均消費：100元/人這是我們最期待的踏青行程，坐了約莫一小時的交通工具，一下車呼吸到新鮮空氣心情特別好，在擎天岡一路走走停停，還看到了兩對情侶在拍攝婚紗照，所以說這是多麼美的地方啊！走累了也能隨地而坐，不會人擠人，因為草原真的太大一片了，在這也畫下了臺北之旅的句點。第二天交通費：70元/人
去台北的前一晚，我先去了我哥在新竹的家。當天從新竹搭客運上台北，於是在台北轉運站下車。到了台北後，時間已經過了中午十二點，我和我哥決定先吃點東西，在繼續我們的行程。由於我們不常來台北，人生地不熟的，於是我們從京站廣場一樓逛到三樓，再從三樓逛到B3，頗有探險的趣味，最後，我們發現了這間，Izumi Curry。其實我們原本只是打算隨便填填肚子的，但是當餐點送上來時，我立馬就被上面的滑蛋吸引了，之前我所吃過的滑蛋，一般都是做成滑蛋蛋包飯的形式，也就是薄薄的一層滑蛋。但是Izumi Curry的滑蛋，是做成一朵滑蛋花，讓你很難不去注意它。然後是他的咖哩，非常的美味。我估計他們的咖哩在製作時有加入牛肉一起熬煮，味道非常的香。如果沒有記錯的話，這樣一份的價位大概是350新台幣，再加收一成服務費。我個人認為相當值得。在吃完午餐後，我們決定到淡水晃晃。淡水站在紅線的最後一站，捷運搭了非常久才到，由於我們搭的那班是往新北投的車，所以在北投的時候必須要先下車，等待下一班才是往淡水的。我們整個下午都在淡水，風景很美，只是人有點多。老街跟我國中畢業旅行來時相去不遠。當然，來這裡就是要吃魚酥摟！不過我已經忘記當時買的魚酥是哪一間的，只記得大概的位置，於是我憑著那相當久遠模糊的記憶，找到了合益和許義兩間相鄰的老店，並且各買了四包。我們在淡水閒晃到傍晚，很是愜意，不過隨著時間的推進，我們肚子又餓了，最後我們決定到西門町找吃的。再來西門的捷運上，當時大家都要回程，捷運上非常多人，而我和哥哥，皆是非常善良優秀傑出的青年，位子當然是讓給比我們更需要的人使用，於是我們全程站著，這對於已經走了一個下午的路的我們其實負擔很大，不過我們還是撐過來了，最後，我們就在西門町商圈用完晚餐，並且結束今天的行程。
""
""
店址：台北市大同區赤峰街53巷2號營業時間：09:00-20:00 週一公休位於捷運雙連站的文青風早午餐店，份量充足，營養均衡，簡單、輕鬆、自在的手作感。餐點簡單但美味，沒有多餘的調味，很自然的感覺。用餐環境舒服且愜意，有種種溫和的色調，空間不大，用餐起來的感覺更加安靜舒適，適合當作美好一天的開始。地址： 台北市萬華區廣州街211號在尚未忙碌的台北早晨，吃飽後可以到龍山寺走走，到龍山寺除了祈求身體平安也能感受在地傳統的民俗文化，若是在感情上有問題也可以向月老求籤解惑，傳說龍山寺的月老非常靈驗，總是充滿人潮。地址：台北市士林區承德路五段55號營業時間: 週一~周五09:00–17:00週六09:00–20:00週日09:00–18:00在體驗傳統民俗文化後，就開始玩樂了，在這小型的遊樂園中，除了一些設施有限制之外，不管是大人還是小孩都可以遊玩，在這裡你能看到許多童心未泯的大朋友在設施上尖叫呢！是非常適合家庭、朋友一同出遊的好去處。地址：台北市中山區新生北路三段105號營業時間:周一~周日24小時開放位於圓山花博公園的新生園區，擁有大片的綠地．除了適合野餐之外，由於鄰近河濱自行車道，周圍也有 Youbike 的租借站，喜歡享受輕快悠閒的朋友們，野餐完後一起來一趟自行車也是很好的選擇!另外，這邊時常會規劃展演活動，如果事先查查時間表，野餐之餘也可以看看展覽，給自己一個新的體驗。地址:台北市士林區大北路118號（士林夜市）營業時間:周一~周日 15:00 ~ 23:30，公休日不定期一間位在士林的麻糬專賣店，口味非常多，而且很特別，很容易一點就放滿整個桌子，日式醬油鹹中帶甜，焗烤奶油特別到令人難忘，番茄辣椒口味更是值得一嚐，點餐會附上茶點，是很道地的日本味道。不管旅行行程多累，找居酒屋坐坐感覺熱鬧氣氛就好像掃去整天疲憊，和繁瑣的生活拉開距離
台北後花園【陽明山】是我台北漫遊的第一站。旅行的意義是尋找童年記憶中，朝露般清新的滋味。店名：台灣航海王餐廳 ONE PIECE Restaurant地址：臺北市大安區敦化南路一段169巷8號電話：02 2752 0559營業時間：11:00–22:00各位夥伴，開始迎接大航海時代的來臨！無可救藥的熱血和勇氣，是支撐我度過無數個挑燈夜戰的日子。台北漫遊，最後一站【來吧Cafe'】旅行的過程，就是在回首中展望新的風景，帶著懷念去擁抱嶄新的一切。總以為可以浪擲的青春還很悠?，虛擲光陰，卻不曾真正實踐什麼。但是有一種不服輸，心里亦然怀?一种莫名的憧憬，渴望未?的美好。地址：臺北市大安區信義路三段134巷12號電話：02 2709 3843營業時間：11:00-23:00粉絲團：
從國父紀念館站4號出口，直走900公尺就可以到了國父紀念館是一個熱門的景點有很多的年輕人會在那裡練跳舞而且每到整點都可以看到儀隊交接營業時間：上午9：00至18：00位於國父紀念館站2號出口旁來到了台北怎麼可以錯過韓國超夯的三明治呢？有「韓國美而美」之稱，除了有三明治，還有提供貝果喔從國父紀念館站5號出口沿著光復南路步行至菸廠路約550公尺松山文化創意園區裡有很多的展覽可以看是一個可以讓大家放鬆紓壓的好地方，大家可以去逛逛看喔
早上8點從台中統聯搭客運出發台北早上10點抵達台北車站。決定從台北車站搭板南線到市政府站的松菸文創園區。從市政府捷運站到松山文化園區需要經過大巨蛋且步行10分鐘。開始今天松山文化園區的行程嚕～
北投公園建於清宣統3年，是社區居民平日活動的場所。一走到北投公園就會先看到大大的石碑~不必擔心會找不到！逛了一下覺得肚子餓了就決定到旁邊的滿來溫泉拉麵用餐！假日的人潮實在是太多了，也幸好他們的分店就在附近而已，有專用的接駁車，不必自行前往。我吃的這一碗是味噌叉燒拉麵，吃起來的口感偏淡，不喜歡太鹹的朋友可以做參考！梅庭大約建於1930年代末期，曾是于右任先生的避暑別館，經整建修復後開放讓民眾參觀，也被台北市政府評定為市定歷史建築。在前往北投公民會館的路上經過了防空壕迷宮~這裡的訪客較少，樹蔭遮天，如果會害怕的話盡量有人陪同會比較好。終於來到了最後一站~公民會館每一個時期都有展覽，而我這次看到的是清江國小的美術展！
在這裡面讓我了解了很多原住名不同的文化，以及各個族群的衣著，讓我非常的驚豔!這是間非常有日式風格的拉麵店，由於來的時間是假日，所以人潮特別多!吃完拉麵之後，就來北投圖書館逛逛，這棟圖書館是台灣第一棟綠建築，裡面有電腦資訊室還有視聽室跟多樣書籍可以看因為這次來的時候天氣不好，還有下雨，當這裡的煙配上當時的天氣真的很有氣氛。這裡的硫磺煙霧的景色擁有「礦泉玉霧」的美稱，是日據時代台灣八勝十二景之一。但這裡地質鬆軟，所以有很多人常常失足跌倒並燙傷，所以又被稱為地獄谷或是鬼湖。
1960年代外省人陸續在寶藏嚴周遭建起違章建築，逐漸形成風格獨特的眷村聚落。雖然這裡和周遭繁華的公館商圈格格不入，也曾面臨被強制拆除的危機，但經過多次努力後，政府最後以新的改造計畫取代強制拆除，在2004年公告「寶藏嚴聚落」為具文化資產價值的台北市歷史聚落。目前「寶藏嚴聚落」規劃為「寶藏家園」、「藝術家駐村」及「國際青年會所」三大主題區。這裡不僅僅是藝術村，同時也是一些居民的住家，在參觀藝術村時，常常可以看到熱情的居民招呼觀光客，不過也不是每個居民都很歡迎觀光客的到來，因此來藝術村參觀時，別忘了要尊重當地的居民喔!全名叫做華山1914文化創意產業園區，前身是台北酒廠，同樣也是台北市市定古蹟。這裡時不時會舉辦一些藝文展演活動，像是劇場啦、展覽啦、或是一些主題小市集，非常適合喜歡這類活動的大人小孩來這邊休閒晃晃，吸收一點文藝氣質。從松江南京站8號出口走出來後，大概步行個8分鐘，就可以在巷弄裡看到這間很可愛的粉嫩色系海洋冰品店，這裡賣著各式創意雪花冰和現打果汁牛奶，在還沒進到店裡之前，光是看著這粉藍色的店鋪，就覺得好療癒好清爽啊~~店內約有20張座位，整間店是簡單的粉藍色系x白色系x粉色系組合而成的「夏日海洋」風格，讓人在炎炎夏日即使還沒吃到冰品，只是走進店裡，就能感受到一股清爽的感覺啊！到中山國小站後，從1號出口出來，大概步行個5分鐘就會到的一間咖哩店，在晴光商圈旁。店面小小的，一開始營業就很容易客滿。十巷咖哩只有四樣餐點，分別是野菜、豬排、唐揚雞和腰內肉咖哩，價格不貴，但是分量很多！！就像照片那樣，照片裡的是唐揚雞咖哩，一共有四塊大肉，是大肉！還有一些野菜和一顆太陽蛋，這樣子一份才120元，覺得很划算~新店站下車後，轉計程車搭約10-15分鐘。在1960年時是當紅約會景點，但隨著時光流逝，如今造訪的人潮不若過去，可以說是新店的小秘境。後來直潭壩完工，水位上升淹沒濛濛谷，這才變成如今的濛濛湖。從捷運公館站一號出口出來右轉，往水源市場方向步行約4-6分鐘。一走進店內，就有許多復古風的金屬製造型板子掛在四處，很有美式工業風格。店內有許多的座位，但不壅擠，還有一大片落地窗，因此採光很好。價格在NT100-210間，低銷200/人店員會在糕點的盤子上畫上小插圖，讓人看了心情就很好。很適合下午來這裡休息吃點下午茶。中正紀念堂是一座為紀念已故前中華民國總統蔣中正而興建的建築，也是眾多紀念蔣中正總統的建築中規模最大者。而園區廣場的南北側，另建有國家表演藝術中心國家兩廳院管理的國家戲劇院和國家音樂廳。著名的鐘樓怪人音樂劇今年年初就是在此處表演。落成以來成為臺北市及臺灣在國際上最著名地標之一。園區主體建築及牌坊等以「臺灣民主紀念園區」之名義，被登錄為國定古蹟 ；園區及園區周邊以「中正紀念堂」之名義被登錄為文化景觀。位於板橋新埔捷運站2號出口走路約七分鐘。店內是開放空間，因此有點熱。主要販賣20樣商品。他的粉圓十分Q彈，一口接一口，芋地圓的口感也很特別，是片狀的，在大熱天吃完後，真的非常消暑呢!位於台北市萬華區 東北方，為台北市西區最重要且國際化程度最高的消費商圈，以年輕族群為主要的消費對象，並吸引了許多國際觀光客以自助旅行造訪此處。其特色還包含擁有台北市第一條指標性意義的徒步區，以及象徵青少年的流行次文化、見證電影脈動的電影街。三重國小站1號出口，步行約10分鐘。此店是採用大骨熬製六小時的湯頭做成的拉麵店。除了份量大碗，價格更只要150元左右而已，便宜的沒話說。還有一個最大的特點就是他們的拉麵上桌之後，還會像火鍋一般在底下點火加熱，讓你喝的每一口湯都是熱熱、暖呼呼的濃郁充滿奶香味及甜味的高湯。特別的是，這間店的點餐方式是採投幣式的點餐機。此外店內也打造的非常有日式風格。FURO CAFE主理人是一對夫婦，以自身對生活事物的講究，而開啟了 FURO CAFE。小店看台入口處前的兩隻流浪小貓、每天有兩到三樣的手工甜點，滿室點綴的盆栽花束，和放滿書籍的木製書櫃，整間店的氣氛十分簡單而遐意。價錢大約130-150之間。位於台北市信義區的象山，與附近的虎、豹、獅山並稱四獸山，因為外型似象頭而得此名。山頂雖僅有183公尺，但可清楚俯瞰台北盆地及台北地標101大樓，擁有極佳的視野，是許多攝影愛好者拍攝夜景與跨年煙火的最佳地點。爬象山步道需要一些體力，因為樓梯有些陡峭，且迂迴曲折，中途有幾個休息點可以休息。在白天如果天氣佳，可以拍出湛藍的天空與壯觀的台北市景。而晚上去時，也可以看到燈火通明，閃閃發光的夜景。
美麗龍山寺，譜寫生活與信仰的神聖殿堂。午餐就找個近的地點吃吃吧~~~裡面有許多傳統藝術相關的店鋪下雨天這裡是個非常好的去處唷~時尚x人文x藝術x生活x展覽x美學×交流還記得電影「艋舺」嗎？電影裡描述著角頭們在“艋舺”這片土地上維護自身土地你爭我奪與時代的變遷發展~
華山1914創意文化園區位于臺北忠孝東路，前身是臺北第一酒廠。園內長期舉辦藝術文化活動，不少餐廳、酒吧、咖啡店、手工藝品店也陸續入駐，是臺灣文藝人士大本營。園區大部分建築保留了昔日廠房的風格，這些磚造鋼筋樑柱結構和斑駁的牆面上，爬滿了綠葉和枯枝，濃濃復古工業風非常適合攝影。園區東側的藝術大街和西側的紅磚六合院都是拍照的熱門地，還有不少人在這兒拍攝婚紗照。園區廠房內經常會舉辦各種展覽、講座或演出。如星巴克咖啡旅程、MUJI品牌特展、迪士尼、櫻桃小丸子、海賊王趣味主題展，以及瑜伽教室、紅館書院這類講座課程，園區還承辦過田馥甄、陳綺貞、胡夏等歌手的演唱會。除了演唱會，其它藝文展演的活動期限短則一天，長達幾個月，部分展演需要買票才能進場，建議大家去之前先在官網查詢相關資訊，園區內有不少充滿文藝氣息的商店、餐廳、茶坊、酒館、咖啡店，最出名的是周傑倫的音樂魔術主題餐廳DeJa Vu，餐廳走奢華復古的歐式古堡風，進門就能看到周董收藏的古董摩托車、跑車和鋼琴，餐廳的人均消費在新臺幣500元左右。九份老街在基山街、豎崎路及輕便路等街道一帶，強烈日治時期風格的建築群順著山勢而建，一座座舊式房屋鱗次櫛比，狹窄的街道和陡直的石階，高高低低，彎彎曲曲，九份老街保留舊時生活風貌，古韻濃厚，紅燈籠、窄巷道、青石階、斑駁的木質建築，為不少影視作品提供了靈感，老街也因《悲情城市》和《千與千尋》再次聲名遠播。陰陽海位於臺灣旅行平溪線上，在瑞芳靠近九份的路上。這裡沒有特別的景點，但當車駛過山路，有一處海水會呈現遠近完全不同的兩種顏色，非常奇特。解釋的原理有很多，但看著大自然的鬼斧神工，總會讓人心曠神怡。‧ 如果對於藝術這樣高深莫測但是很美的東西感興趣的話，可以抽空來當代藝術館，這邊位於大同區長安西路，以前是學校，現在改建成了美術館，這邊展品很豐富。‧ 中正紀念堂是紀念蔣介石的紀念館。民國38年，內戰失敗國府轉進臺灣，蔣介石複行視事。曾提出一年準備，三年反攻，四年掃蕩，五年成功。可惜成夢。紀念堂大牌坊大中至正曾被民進黨改成民主廣場。紀念館主殿業差點改成臺灣民主紀念館。參觀紀念館可以拾級而上。瞻仰主殿，並觀賞衛兵換崗儀式。然後向下參觀文物陳列和臨時展館。一樓有紀念品銷售。有郵局可以寄明信片。還可以在旅遊護照上蓋紀念章。‧ 乘坐一把世界上最快的電梯相當值得，電梯上升到89層觀景台僅需39秒。所以，你一跨進電梯，就得趕緊抬頭仰望頭頂的星空，千萬別錯過這良辰美景。也別忘了跟超可愛的吉祥寶貝合影。在觀景臺上可以清晰得俯視國父紀念館，在國父紀念館前可以拍到101大樓全景。這是到臺北後的第一個景點，井然有序、熱情友善給我留下了美好的第一印象，這種感受也貫穿於真個旅行過程，“微笑的臺灣”真是明不虛傳。‧ 象山位於臺北市信義區，因形似大象而得名，它與附近的虎、豹、獅山並成為四獸山。山頂海拔183米，不是很高，但前無屏障，臺北盆地一覽無遺，是登高眺望的好據點。許多壯觀雄偉又絢美的臺北101大樓照片就是在這裡拍攝的。
台北霞海城隍廟--香火鼎盛月老   千里姻緣一線牽於1859年建造，位於迪化街上，是內政部所核定的三級古蹟。麻雀雖小，但五臟俱全，面積僅40多坪，但卻是大稻埕地區重要的信仰中心，與法主真君廟、慈聖宮媽祖廟合稱--大稻埕三大廟。時間：每日6:16 - 19:47，全年無休(除公告之颱風、天然災害外)地址：臺北市大同區迪化街一段61號Bonus：距城隍廟不遠的永樂市場除了遠近馳名的布市，三樓還提供剪裁服務；一樓及市場周遭還有許多美食可以挖掘，像是林合發油飯、三發包子與土魠魚?、旗魚米粉等。許多有趣的小店也隱藏在巷弄間，不妨繞點路去尋寶一番！妙口包子--相輔相成的皮與肉餡  完美調味贏得老饕新客青睞肉包外層的麵皮非常細緻、軟嫩，容易咀嚼，其豬肉餡大多瘦肉，不油不膩，且加了黑胡椒當主味，配上先行炒過的甜洋蔥，滋味非常絕妙。除了遠近馳名的肉包，妙口包子還有販售四神湯喔！用料實在的四神湯也是許多老饕的最愛!美食：肉包 NT.$20 ； 四神湯 NT.$60時間：12:00 - 19:00，每周一公休地址：北市大同區民生西路388號騎樓下與迪化街交叉口，彰化銀行騎樓下路邊攤Bonus：迪化街上有很多具有歷史意義的街屋，在逛街的同時也可以抬頭看看街屋美麗的山牆，仔細看看不同時期的風格變化、還有與該商家販賣的物品有所呼應的裝飾，讓人不禁讚嘆當時工匠精湛的技藝，也得以遙想當時的迪化街有多麼繁華！合興壹玖肆柒--南門市場老店第三代  傳統糕餅也能很文青為南門市場老店上海合興第三代發展的文創店，將糕點份量縮小、精緻化，並創新口味，希望將糕餅推展到年輕一代，一走進店內可以看到師傅製作、產品展售，整體氛圍營造得非常好。店內有各式小型糕點，現場吃鬆糕會再加熱、並附上一杯茶，可以選擇坐在店門口細細品嘗點心、歇歇腿，感受迪化街百年風華。美食：鬆糕 NT.$45-55 ； 各式小點NT.$35-150時間：每日11:00 - 19:00，每周一公休地點：台北市大同區迪化街一段223號大盜陳--用在地特色飲品認識大稻埕  絕妙滋味讓你欲罷不能利用在地特色元素發展創意飲品，飲品「大稻埕」融入早期大稻埕曬穀場、茶葉集散地的特色，採用烏龍茶熬煮香米，讓香米吸收茶味，再加上從大稻埕起家的鮮乳品牌，喝起來非常香，香米QQ的口感又讓飲品更上一層樓。美食：大稻埕 NT.$65 ； 烏魚子NT.$70 ；特色飲品：NT.$30-80販賣機咖啡.奶茶：NT.$40-65時間：每日11:00 - 18:00，每周一公休地點：實體店面：臺北市大同區迪化街一段217號販賣機：台北市大同區迪化街一段72巷3號（霞海城隍廟正對面巷口）迪化207博物館--老中藥行再生  簡約大方設計與眾不同建於1962年的老中藥行－廣和堂，現改為小型博物館，提供在地文化一個展演空間。房屋外觀採用圓弧面、並使用了彩色磁磚，再加上大面積的開窗設計，相較於街上其他華麗的巴洛克式街屋，顯得較為樸素而獨特，屋內磨石子藝術也非常值得一看。時間：10:00~17:30（最後入館時間17:15），每週二休館(如參觀人數過多，將進行入館人數控管)地址：臺北市大同區迪化街一段207號阿嬤家-和平與女性人權館--堅韌臺灣女性  沉痛過去化為正能量2016年12月10日，在世界人權日這天，「阿嬤家-和平與女性人權館」正式開幕，是台灣首座以「慰安婦」人權運動為基礎，結合當代女性人權議題和婦女培力空間的博物館。場館的設計裡外具有整體性，故事從徒步走入迪化街開始，遠處就能看到董陽孜老師所提的「阿嬤」兩字，設計師在材質的選擇上，使用色澤較為溫潤的紅銅，並且利用易生鏽的特性，讓阿嬤家經時間淬鍊而變化。展館內到處會有蘆葦的光影，意象取自聖經以賽亞書中，蘆葦代表生命的韌性：壓傷的蘆葦祂不折斷，將殘的燈火他不吹滅，他憑真實將公理傳開。時間：AMA Museum 10:00-17:00AMA Caf? 10:00-18:00地址：臺北市大同區迪化街一段256號大稻埕 慈聖宮美食廣場--簡單樸實庶民料理  廟埕榕樹下體驗老臺北風情慈聖宮為信仰中心，廟前就是貿易碼頭，讓碼頭工人吃粗飽的攤販聚集在廟前，形成美食聚集地的型態。人們會將飯菜端至廟埕，坐在榕樹下的鐵桌椅品嘗一道道庶民小吃，在這裡不乏40年以上的老店，例如：葉家肉粥、四神湯、魷魚標...等都相當知名，想體驗老台北及廟口氛圍可以前來享用早午餐。時間：9:00 - 13:00，賣完為止，假日較晚收攤地址：臺北市大同區保安街49巷17號雙連文昌宮--考生必拜  全臺有名超靈驗文昌宮位於雙連站的文昌宮，供奉的是非常靈驗的文昌帝君，北市學子們大考前必去拜拜祈福，許多應屆考生會帶著准考證、文具、衣服及供品前來祈求考試順利。廟中也很貼心的貼了指示牌標示拜拜順序，不用擔心會拜錯順序喔。時間：6:00 - 21:00地址：臺北市中山區民生西路45巷9號Bonus：文昌宮周圍就是菜市場，非常熱鬧！廟對面就是長形的公園，沿著公園走往中山捷運站的兩旁都有許多個性小店。若天候不佳，也可以選擇逛地下街，今年新改裝的誠品R79是一個不錯的選擇！雙連圓仔湯--橫跨一甲子老店的道地臺式燒麻糬創立於1951年，初衷在提供味美料實的台式道地甜品，廣受往來雙連地區饕客們的喜愛，因緣獲得友人傳授熱油麻糬技術後，「燒麻糬」成為經典之招牌商品。雙連圓仔湯不僅是一個事業，更代表著一種象徵精神，以「健康、自然、味美」為導向呈現給廣大的喜愛者。美食：燒麻糬*2(甜鹹)  NT.$75燒麻糬*1(甜鹹)  NT.$40時間：10:30 - 22:30地址：臺北市大同區民生西路136號Bonus：赤峰街為老臺北的「打鐵街」，許多老屋被保存著。現今除了汽車零件及五金行，還有許多文創小店、餐廳進駐，可以選擇這一條路從雙連走到中山站，會有很多散步才能碰到的驚喜！光點台北--老屋再利用  電影創意基地再出發亦稱前美國大使官邸，建立於日本大正15年(1926年)，屬於直轄市定古蹟。在日治時代作為美國駐臺領事館，後來，進入中華民國時代，此建築陸續作為美國駐臺北領事館、美國駐中華民國臺北總領事館、美國海軍武官處與在臺美國大使的大使官邸。在1979年時因與美國斷交後，此建築就被閒置荒廢，一直到2000年才整修完竣並命名為台北之家。在2002年，臺北市政府委由台灣電影文化協會經營，將台北之家功能定位於發揚電影藝術，並另取名「光點台北」。時間：開館:11:00各空間營業光點電影院11:00 am - 10:00(視當日電影場次而有所更動)光點生活週日 - 週四11:00 - 22:00週五、週六11:00 - 22:30光點珈琲時光週日 - 週四10:00 - 24:00週五、週六 10:00 - 隔日02:00光點紅氣球週日 - 週四10:00 - 24:00週五、週六 10:00 - 隔日02:00(每兩個月擇一週一休館，其餘必要之停止開放另行公告)地址：臺北市中山區中山北路二段18號賽門鄧普拉--全臺第一家甜不辣專賣店的好味道約在五十年前，創始於開封街的巷子口，以打彈珠與射飛鏢的方式來換取甜不辣，不但趣味十足，其甜不辣的口味更是深獲街坊鄰居的喜愛。為了傳承這樣的好味道，並且堅持甜不辣的品質，終於開了台灣第一家甜不辣專賣店。堅持每日以最新鮮的原料精製，口口軟Q鮮甜，再酌以濃稠回甘的醬汁，搭配清新的湯頭，歷經50多年的時間考驗，建立起許多死忠的老饕。因為正宗的獨特口味，早已經抓住客人的心、填滿客人的胃，並藉著口耳相傳，將『回味無窮的甜不辣』的口碑深植人心。美食：招牌甜不辣小碗 : NT.$70 ； 大碗 : NT.$60炸天婦羅加餛飩酥 NT.$60時間：11:00 - 21:00地點：臺北市萬華區開封街二段46號西本願寺--濃濃日式風情  鬧中求靜的散步好去處在車水馬龍的西門町街頭旁，有一處充滿日式風格的休憩地西本願寺，由台灣信徒和日本人共同捐資興建，其正式名稱為「淨土真宗本願寺派台灣別院」，於西元1904年開始興建，西元1912年竣工完成。建築群大致分為：西本願寺本堂臺基、御廟所臺座、鐘樓、輪番所、樹心會館、參道等。多數主要建築的式樣多源自日本佛教18、19世紀常出現的折衷式樣，本堂、御廟所、庫裡、鐘樓基本上皆為折衷樣式，而輪番所是日本傳統住宅形式；樹心會館則為表現新時代精神，採用磚結構與西式木屋架組合，屋頂仍維持日式風格。現在可以自由登樓，細細欣賞鐘樓修復後重現的工藝，也可以在此俯瞰整個廣場。時間：廣場：全天本堂：周一 - 周五09:00-17:00樹心會館：周二 - 周日10:00-17:00地址：臺北市萬華區中華路一段174-176號
台灣最古老的古蹟之一，最早建城是西班牙人於1628年建造的「聖多明哥城」，但後來聖多明哥城因為戰爭遭到毀壞，於是荷蘭人在原址重建，因為那時的漢人稱呼荷蘭人為紅毛，紅毛城就此誕生!淡水紅毛城磚紅色的古老建築十分漂亮，園內也是綠意盎然，有百年歷史的水井，還有以前的地牢，跟帆船介紹，是一個可以了解早期台灣的好地方位於紅毛城的旁邊，英國領事館也是具有芳富的文化色彩，經歷了鄭世時期還有清領時期的台灣古老建築，園內都是道地的英式建築與家具及多樣的藝術品展示，19世紀維多莉亞女皇在位時，為大英帝國的全盛時期。傢俱流行走古典華麗風格，除此之外，位在淡水河口乃是欣賞夕陽的絕佳地點，不但是旅遊的好去處，也是拍婚紗的熱門景點!老街的充滿哲最道地的台灣美食含傳統遊戲，大腸包小腸、豬血糕、臭豆腐、還有淡水聞名的巨無霸霜淇淋…，都是台式美食中的精華，還有多樣化的小遊戲，像是彈珠台、套圈圈…等等，淡水老街旁邊就是台北的母和淡水河，可以跟著家人朋友來看風景，吃美食，玩遊戲體驗最道地的文化!除此之外，淡水的文創商店跟精品店也是多得目不暇給，也是購物勝地之一!漁人碼頭就位於淡水老街附近，在逛老街逛累時，可以和親朋好友來這座矗立在淡水河海交界之處的白色大橋，欣賞整片淡水河，以及漁人碼頭最顯著的目標，遠眺可見觀音山以及八里渡輪，享受海風吹拂以及寧靜舒服的時光，另外，有提供觀光漁船的搭乘，可以直達淡水八里，且票價便宜，有興趣的朋友，可以搭船欣賞整個淡水河的風光以及老街上人們的風景雖然永康街只是一條街，但是其實很多巷弄都很好逛逛，吃的很多特別是牛肉麵芒果冰、鼎泰豐小籠包、絲瓜小籠包、度小月、牛肉麵等，巷弄間有許許多的多咖啡廳、早午餐等特色美食小店，很適合美食愛好者前往挖寶有名的五分埔批發中心。裡面有很多買服裝的批發商舖，到永康街可一次過享受美食、遊永康公園和逛精品小店在熱鬧又五光十色的永康街旁邊藏著台北的綠寶石「青田街」，綠意盎然的街道配上日治時代的建築，其中一棟存在著歷史的老房子「青田七六」是青田街的代表，這座純粹屬於日治時代的木造建築在之前已經摧殘得幾乎體無完膚，但是經過5年的修復，現在已經搖身一變成為充滿各式各樣甜點、飲品、餐點的日式房子，可以在一整天的行程中，晚上在清田六七用餐，享受平靜的日式風情以及美味的創意餐點大安森林公園常常有不定期的活動如水舞秀以及爵士音樂節等等的裡面有小舞台還有一整片綠油油的草地 逛完永康街和青田街可以買個小零嘴在大安森林公園的草皮坐著休息欣賞表演同時享受清風吹拂已及芬多精在淡水國中旁的淡水阿給需多名人小時候都吃過老闆還特別訂製了一份周杰倫套餐阿給是日語 あげ 翻譯而來 原意為 油炸豆腐皮滿滿的特製醬汁鋪滿整個阿給豆腐柔軟搭配冬粉十分完淡水代表性美食醬油 冰糖 滷包 滷製而成口感滑順不乾口，滷味深入鐵蛋中口口都香氣四溢，值得來品嘗淡水代表性美食軟硬適中，鹹鹹的豬血糕配上甜而不膩的花生粉香菜又把他上身到另一種境界吃完你會愛上香菜口口都香氣四溢，值得來品嘗淡水代表性美食有別於一般的臭豆腐，烤完後乾燥上頭的醬汁完美融入其中泡菜脆而美味增加口感位於永康街的芒果冰有名程度連CNN都猜訪過一間店支援了日 韓 英 中四中語言雪花冰口感綿密上頭的冰淇淋有如芒果泥般扎實美味最後周圍撲滿芒果一年四季皆可品嚐
一大早，很多能逛的地方都還沒開，所以就想來爬個山~象山是在我們學校旁邊，我之前就有來爬過一次，晚上的象山也很美喔~誠品真的大推~~學生族必來的地方雖然裡面的東西有些小貴，但是能看一看、摸一摸也是不錯的啊!台北有很多誠品店喔，只是早上去爬象山，離這裡最近的就是這間了~這裡也是年輕人最愛來的地方!!這裡有很多美妝店可以逛，走一走餓了，路邊也有一些食物飲料可以吃~如果想在這裡一下午的話，也能考慮看個電影或和朋友去唱歌喔!
出一張嘴(市民店)地址：北市市民大道四段175號營業時間：中午12:00-凌晨1:00(中間不休息)電話：(02)2578-7248餐點：燒烤吃到飽，火鍋和飲料暢飲擇一(限定兩小時用餐)收費：《平日中午》541元加一成服務費 (595元/人)《平日晚餐、週六全天、週日全天、及假日全天》591元加一成服務費(650元/人)《兒童優惠》身高不超過130cm的兒童，不論時段，每人300元不加服務費《汽水、果汁、紅茶無限暢飲》每人餐費另加100元《生啤酒無限暢飲》每人餐費另加200元特色：獨家法式蜂蜜冰淇淋以上取自官方網站：東區有各式各樣的衣服店、餐廳、甜點店等，滿足大多數人的需求。西門町有各式各樣的衣服店、餐廳、甜點店等，滿足大多數人的需求。便所歡樂主題餐廳(西門店)地址：台北市萬華區西寧南路50巷7號2樓2F, No 7,Ln 50,Xining S. Rd., Taipei City營業時間：週一至週四 11:30-22:00(供餐至21:00)週 五 11:30-22:30(供餐至21:30)週 六 11:00-22:30(供餐至21:30)週 日 11:00-22:00(供餐至21:00)餐點：各式各樣融合便所樣式的餐點收費：菜單(取自官方網站便所歡樂主題餐廳)地址：台北市漢中街52號10樓、11樓票價：一般影片票價  全票260元 學生軍警230元 早場200元3D影片票價   全票320元 學生軍警290元 早場260元套餐組合：一般影片 全票單人電影套餐280元【1張電影票+小爆米花+1杯30元冷~熱飲】。一般影片 學生單人電影套餐260元【1張電影票+中爆米花+1杯30元冷~熱飲】。3D全票電影套票340元【1張3D電影票+小爆米花+1杯30元冷~熱飲】。3D學生電影套票310元【1張3D電影票+小爆米花+1杯30元冷~熱飲】。以上套餐可加價升等為熱狗堡&吉拿棒。以上若有更動,請以現場為準。以上取自喜滿客絕色影城官方網站：Saizeriya 薩莉亞義式餐飲(西門店)地址：台北市 峨眉街37號2樓電話：(02)2314-2237餐點：平價義式餐點四四南村地址：台北市信義區松勤街50號開放時間：特色：除了觀望台北101的好景點，也是販賣許多文創商品的小市集，還設有餐飲。旁邊有草皮，適合家庭野餐或帶貓狗散步。好丘地址：台北市信義區松勤街54號（四四南村）營業時間：週一至週五  10:00 - 20:00週六至週日  09:00 - 18:30* 每月第一個週一公休餐點：主要特色為貝果，也附有多項餐飲官方網站：臺北101觀景台地址：台北市信義路五段七號89樓營業時間：每日上午9時至晚間10時最後售票及入場時間為晚間9:15(連續假期之營業時間可能有所調整，將另行公佈)電話：(02)81018800Fax：(02)81018897票價：全票 NT$600快速通行票 NT$1,200優待票 NT$540 限學生、中華民國軍警團體票 NT$540 20人(含)以上團體，請以傳真或網路預約敬老票 NT$300 限中華民國65歲以上之長者愛心票 NT$300 限中華民國身心障礙者及其必要陪伴者1人校外教學票 NT$300 中華民國政府立案公、私立國小之學生團體不限國籍115公分以下兒童免購票中華民國學齡前兒童出示證件免購票注意事項：- 欲購買優惠票，購票與進場時均需出示中華民國有效之身分證明文件- 團體票須於參觀日前三天以傳真或網路預約，現場不接受團體購票- 星期六、日及國定假日不提供團體票價優惠- 國小中年級(含)以下學童需由一位成人陪以上取自官方網站：ATT 4 FUN地址：台北市信義區松壽路12號營業時間：11:00 - 23:00商品：販賣眾多品牌的流行服飾、運動品牌、餐點等Commune A7台北潮流貨櫃市集地址：臺北市信義區松壽路3號營業時間：2016/12/16至2017/12/31週一至週四03:00pm-00:00am週五03:00pm-01:00am週六12:00pm-01:00am週日12:00pm-00:00am特色：此市集只為期一年，裡面店家均為貨櫃組成，融合各式各樣的異國美食，也是拍照打卡的好地點。
從住處(近南京三民)租借ubike，騎乘行經國父紀念館，感受國外觀光客抵台北必到景點氛圍，早晨此處很多運動中的台北人，看著很悠哉放鬆。結束在國父紀念館外拍照留念的行程後，在忠孝東路上一路直行，即可抵達台北城北門「承恩門」，達成台北古城門瀏覽第一站。直行中華路，google map可設定「剝皮寮老街」或「周記肉粥店」，可抵達修復保存良好的歷史街景，此景點同時也是電影「艋舺」的拍攝地點，古色古香但街道狹小，開車來此遊覽肯定不方便，騎腳踏車或走路反而會是最好的方式。而早晨的剝皮寮街區沒有遊客人潮，很適合在這裡拍攝各種文藝照片。位於剝皮寮內的老店「周記肉粥店」，適合秋冬早晨的暖暖鹹粥，來碗鹹粥配上有名的紅燒肉，敢吃內臟類的遊客可以加點其他小菜黑白切，像是豬心之類。另外這間店是旅遊書也會介紹的名店，無論何時都有很多客人，要有稍作等候的心理準備。走愛國西路可以經過顏色鮮豔的小南門「重熙門」。拍照後往延平南路方向，看到移民署後左轉，有一間喜悅咖啡，是咖啡早餐複合式的店，食物、飲料各方面都很不錯可以在此稍作停留。吃完鹹粥，換吃點甜的吧。喜悅研磨咖啡店內有老闆自創的點心，咖啡的水準很高，還會為客人作拉花圖案。喜歡壯麗舊建築的人，還可以稍微繞到總統府，拍幾張照片紀念，早上的總統府前廣場也很空曠沒太多的行人。沿著愛國路上會經過，南門名為「麗正門」。旁邊有外交部，是由遠近馳名的建築師貝聿銘所設計，可稍作欣賞。也可以感受到台灣的政治中心，各大重要機關都在這小小的方框中。東門，名為「景福門」，也可以從這個方向看到總統府，角度也很好。太早出門有個壞處，那就是很多景點還沒開門，「台北賓館」這個特殊景點更是需要提前預約才有比較大的機會順利參觀，我們只在門口拍照便開始返程，而「中正紀念堂」與「兩廳院」其實也在不遠處，若有心對市區建築景點參觀者可以繞過去逗逗鴿子，感受台北假日的悠閒。午餐則可以在東門商圈解決。飯後嘗試一下日韓觀光客的最愛，台灣名品「芒果冰」，千萬不要以為芒果冰只存在於夏天，這裡的店家不分四季都有販售芒果冰，不容錯過。
駐足時間　12:00~15:00剝皮寮，它具有清代的街衢和日式牌樓厝建築，見證了曾在此的繁華與沒落，今以歷史街區的身分向來訪的遊客娓娓道來它的過去。踏在街區內的磚路上，看著紅磚牆和那未曾見過的建築樣式，配合著在東側鄉土教育中心看到的影音、舊物、歷史介紹等資料，彷彿能在腦中描繪此處當年市聲鼎沸、人來人往的情景。日治時期隨著政權改變、政令要求，街區內部分建築內的空間形狀也因此變得特殊，現在看來，這反而成為它獨特的特點。除了為今人展示過去的建築風貌，建築內部的空間亦會不定期舉辦小型展覽。在鄉土教育中心的一樓還放置了一些古早童玩，不只小孩可以嘗試這些「新奇」的玩具，大人亦可回味童年時光。來到此處必能收穫滿載的離去。抵達方式：捷運龍山寺站出口出來後穿過艋舺公園(途經龍山寺)於廣州街右轉，沿著廣州街直走即可在剝皮寮外賣著菜燕和麻糬的小攤販，因為沒有吃過菜燕，便買了一塊嘗鮮。菜燕本身Q彈，入口冰涼、具甜味還帶點口感，咬碎後會成為小塊而不是軟爛的散開，逛完剝皮寮可以在外圍買一塊菜燕吃，看過歷史建築後搭一塊古早味菜燕，絕佳。在從剝皮寮出來後走往龍山寺的路途會經過一條「青草街」，整條街上可以看到許多青草茶店。除了青草茶，各店家也有賣各式各樣、種類繁多的草本茶類，經過不妨買一杯青草茶，既解渴又退火消暑。駐足時間 15:15~15:30台北市定古蹟-龍山寺龍山寺最早在清朝興建，經過幾次毀壞再重建，雖已不是最初的模樣，但它的外觀依然在台灣寺廟中極具代表性。內部供奉儒、道、佛三教神明，如果有到附近、有這方面信仰的人不妨進去拜一下，感受內部香煙繚繞、莊嚴肅穆的氣氛。沒有這方面信仰的人相信也是能進去看看的，看一下它的歷史痕跡、精巧的建築構造和這座早期人民心靈的寄寓之所。抵達方式：自剝皮寮往捷運龍山寺站走，途中便會看到。駐足時間　15:50~16:30台北北門-承恩門是清領時期在台北區域樹立疆界的其中一道城門，在台北市舉辦最近一屆世界大學運動會前一直被斜上方的高架道路的陰影隱沒，在經過重新道路規劃後，歷史建築才得以重見天日，同時政府也在附近規劃出空間，做成北門廣場。廣場內有幾處對承恩門的背景介紹，亦有特別對城牆牆基工法的展示與介紹。承恩門紅色的牆面和那巨型四方柱體的外觀，在日光下更顯威武、彷若無堅不摧一般，得見當時人們為何要以這樣的外觀做為台北府城的城門。抵達方式：捷運北門站任一出口不遠處即可見到駐足時間 16:50~19:00過去我對大稻埕的印象便是過年時會在電視出現的年貨大街、人山人海的盛況。近年在大稻埕，除了懷舊、還多了一股新意。除了年貨置辦的傳統商店，還多了具有現代風格、經過精心設計的新型店鋪，結合了時下流行的文青風又或是文化創新，它們成功吸引了年輕客群的駐足。「小藝埕」位在有著「屈臣氏大藥局」字樣的古蹟洋樓建築，一樓到三樓有著1920s書店、爐鍋咖啡、思劇場等空間，結合文化的新產業，很值得一逛。位在迪化街上的霞海城隍廟，裏頭的月老聽說很靈驗，若有想借助神明求得好姻緣，在逛大稻埕時不妨把拜月老也加入行程裡。抵達方式：自北門往捷運北門站方向、走塔城街接迪化街一段即可抵達在迪化街一段朝向北門捷運站的入口附近，賣麥芽餅的攤販。這裡的麥芽餅的餅皮是酥軟的，但並不是完全軟的，麥芽糖不會過於黏口，亦不會過硬，整塊餅咬下帶著恰到好處的餅香和麥芽糖的香味，每一口都是好滋味。來到具有濃烈懷舊氣息的大稻埕，也嚐一口麥芽香吧！大稻埕－小藝埕二樓的爐鍋咖啡小藝埕位在迪化街入口的百年古蹟洋樓「屈臣氏大藥房」，是一棟結合文化與創業的街屋。踏上小藝埕紅色磁磚鋪設的樓梯，手握著一旁木造、較傳統的扶手，樓梯的通道並不大。在樓下無法窺見樓上是甚麼模樣，但一邊拾級而上，一邊心中便會醞釀期待感。小藝埕二樓是爐鍋咖啡的所在地，暖黃的照明搭上內部木造、較舊式的桌椅和那自外面樓梯地面延伸進去的紅磁磚，帶給人懷舊、復古之感。這裡的單品咖啡一次便是一壺，特別之處在喝咖啡前店員會先讓客人以「聞香杯」嗅聞沖好的咖啡香氣，曾遇過吧檯手先讓客人聞過咖啡豆，但使用聞香杯的這還是第一間。雖然我還不到能很仔細分辨每一種咖啡內的香氣和味道，但好喝的黑咖啡還是喝得出來的，爐鍋咖啡的咖啡是好喝的咖啡～在逛過大稻埕這個新舊氣息參雜的地方後，來到爐鍋咖啡點一壺咖啡，將自己放置在懷舊氛圍中、喝一口好喝的咖啡，沉澱稍早的所見，相信這樣的經驗會讓遊客對大稻埕一再回頭。駐足時間 19:20~21:30西門紅樓八角堂最早在1908年興築，一開始它是作為市場的存在，八角堂分為以八卦為造型的八角樓和後方以十字架為造型的十字樓，兼具東西元素，在當時是很創新的嘗試。八角堂以及南北兩側的廣場統稱為「西門紅樓」。這個地方見證了西門地區過去至現在的繁華、沒落與再起，無論周圍的人事物如何轉變，只有八角堂一直屹立在此。現在的八角堂內部：八角樓作為展示過去歷史風華的空間、十字樓則在空間重整後成為文創發展空間「16工坊」提供文創品牌進駐，就如同過去八角堂作為市場的功能。除了八角堂，西門紅樓還有一個文創市集，是和松山文創園區結合的「東西好文創市集」，在兩個地方各有市集，提供文創品牌一個新平台。在我來到紅樓這一天，自去年開始整修的八角樓依然在整修，但十字樓-16工坊還是開放的，同時也遇上西門紅樓創意市集。在走過一個個充滿巧思與創意的攤位，似乎靈感也被激發出來了，每個品牌都散發著各自的活力，在這些文創商品中總能有令人會心一笑或驚喜的地方。西門紅樓創意市集 星期六 14:00~22:00；星期日14:00~21:30抵達方式：捷運西門站出口不遠處
「台北漫遊 我的青旅行」一大清早 空氣非常清新 從雲林搭臺鐵到臺北火車站(第一站)第一次去淡水老街 場面給我的感覺就是很熱情.北投的圖書館很有自己的風格 給人一種舒適的感覺.來了臺灣一段時間都沒來過這裏 第一次來中正紀念堂 就給我一個字'哇塞' 就連捷運站的建築風格 自由廣場的建築架構 非常宏偉!「台北漫遊 我的青旅行」最後一站西門町 吃了晚餐后就乘搭捷運到高鐵站就往雲林回去了.
早晨的路總是飄著陣陣吐司香，便是因為這裡座落著吃吐吧，這裏有帥氣的老闆娘和好吃的窯烤土司，配上好喝的豆漿，給你整天滿滿的精神與活力。寶藏巖是一座佛道兼容的觀音亭，於1997年被台北市政府指定為市定古蹟，位於捷運公館站附近，與熱鬧的街道相比，此處更多了幾分莊嚴寧靜。其周邊為寶藏巖聚落，為依傍著山坡建造的聚落，而令其聞名的卻非常新奇的是違章建築。近年來有許多藝術家進駐，形成一處藝術村，除了有藝術家工作室以外，也有許多藝術展演空間供遊客欣賞。華山1914文化創意園區原為一處釀酒廠，日治時期兼作樟腦，1961年酒廠遷往林口，工廠閒置，便有藝文人士爭取此地成為藝文特區，1999年此處正式為藝文活動所用。2007年華山轉型為文化創意園區並正式營運。華山至今為許多年輕人喜愛前往的文創園區，歷年來也有不少藝文活動與展覽在此舉辦，可說是身為藝術創作者及設計師不可不知的靈感激發之處。赤峰街是隱身在華山文創園區附近的小巷弄中，有各式各樣的文創店家以及特色餐點進駐，是身為文青必去之處。無論是台式懷舊、日式復古還是西式創新，總是能給人創新的感受。來自日本的世界冠軍披薩，最有名的是瑪格麗特披薩，道地義大利風味令人回味無窮。店內為講求置身義大利的氣氛，點餐方式更是使用正統義大利語，第一次聽到的人真的會很驚奇呢。小日子商號就是小日子設計雜誌創辦人的店。近期小日子也開始做飲品生意，茶品十分爽口，也有販賣輕食，是個週末打發時間當當文青的好去處。小日子商號有許多據點，每個店家更有屬於自己的店章，進入店家消費的同時也別忘了搜集
迪化街也被稱作『年貨大街』，顧名思義，其最有名的特色即為年貨買賣商家。初次有商店入駐為1851年，日治時期逐漸興盛。房屋多為狹長型，即是門口窄小，但屋內空間充足。許多特色店家也不斷進駐，成為新舊時代潮流相互融合的場所。頂著不顯眼的招牌，卻傳來臭豆腐的陣陣香氣，華記是一間低調的小吃店，招牌為大腸麵線及臭豆腐，臭豆腐外酥內軟，份量也十足，適合兩人共同享用。隱身在迪化街尾端，248農學市集強調販賣有機農產品製作而成的食品，最出名的便是他們的窯燒紅豆湯。大正町其實是日治時期的統治區域，分為一至三町目，範圍為今中山北路以東，新生北路以西，南京東路以南，市民大道以北。境內原為高級住宅區，現為酒吧、日本料理店林立的場所。共有九條條通，每條條通都有屬於自己的樣貌，有的富有濃厚的台灣風格，有的充滿日本夜生活的態度，至今也是台北夜生活的重鎮。位於公館站水源市場旁的素食地瓜球總是大排長龍，原因便是那一顆顆金黃酥脆的地瓜球，和一般地瓜球的空洞不同，這家地瓜球內餡飽滿，外皮酥脆，是愛吃地瓜球的人一定不能錯過的公館美食。主要販賣熱壓吐司，倆倆號位於繁榮的水源市場對面，除了土司外也有販賣茶類，鮮奶紅茶口味香醇而不甜膩，兩兩相配剛剛好。
從家中出發囉!中正紀念堂是一座前中華民國總統蔣中正統總而興建的建築，位於臺北市中正區，也是眾多紀念蔣中正總統的建築中規模最大者。全區250,000平方公尺，主樓高76公尺，而園區廣場的南北側，另建有國家表演藝術中心國家兩廳院管理的國家戲劇院和國家音樂廳，落成以來成為臺北市及臺灣在國際上最著名地標之一。一大早到北投轉新北投有一個捷運體驗活動，很生動的感覺。好吃的美食來了一大早前往京華城BOBYBOSS一天一早去台北市動物園看動物及做貓空纜車。要到此台北的五天日夜的行程，下次會開啟其他的旅程，謝謝觀看!
"我們走到西門町的昆明街，也稱為""美國街""美式潮流嘻哈元素的店家都在此聚集當年最火紅的西街少年電視劇也在此拍攝取景西門電影公園也有非常多塗鴉牆這裡雖然離西門町鬧區有段距離，但還是有外國人來此朝聖拍照西門町必吃依舊是阿宗麵線柴魚香的麵線，和Q彈的大腸，配上獨門秘方的辣醬邊吃邊喊辣?吃幾次都是好吃大家站著吃美食，不用人擠人，不時說著小心車子好多國外的朋友，非常國際化ly是在拔完智齒尚未拆線的狀況下到天龍國吃美食所以沒辦法吃太複雜的食物但這間滷味的肉類和內臟類真的滿有味道一些比較常見的小菜像豆干就會比較淡但整體味道真的非常搭下酒菜看似簡單卻多了一份童玩感台灣夜市幾乎都可以看到，糖葫蘆外面裹的糖也很重要糖葫蘆最古早就是用小番茄，後來才衍伸有草莓、蘋果等作法中間的蜜餞搭番茄，真的非常搭從西門町步行走到迪化街商圈在澳洲看紫色大稻埕戲劇的時候，就想再訪一次迪化街那裏的建築物彷彿置身在日治時期前往時永樂市場內部正在整修一旁的城隍廟人潮絡繹不絕，迪化街沿路也遇到許多日本旅客更往裡面走還看得到巴洛克風格的日式建築及裝飾統一格局的招牌也多了一種簡單而整齊的大方感現在除了布商、南北乾糧食品也多了許多文創小店迪化街裡面也有住戶大樓，外面騎樓也都統一改成紅磚頭經典畫作---郭雪湖搭乘捷運到新北投-地熱谷北投-新北投捷運站設計就已經有觀光效果啦捷運內每截車廂都有不同主題及影像介紹一出站右側就是曾經的新北投車站，介紹曾經車站的建築構造及歷史繼續往捷運對面的北投公園走去，其實以公園為圓圈就是左去右回的概念最奇特的畫面就是沿路的水溝蓋會開始冒煙撲鼻而來的味道也會是溫泉味(硫磺味)沿路也會有許多湯屋、溫泉會館、溫泉飯店、溫泉拉麵等商店從捷運站步行到地熱谷大約15分鐘人間仙境的地熱谷一點都不誇張，自然奇景總是讓我驚呼連連已被列為北投自然保護區的地熱谷，水溫高達90度，戴眼鏡不斷起霧裏頭還有一個土地公伯，這裡拍民間戲劇非常適合不過這裡真的維護的很好，讓更多人可以認識這塊淨土尤其是秋冬天前往真的好舒服阿北投公園另一側沿途散步都可以欣賞溫泉的溪流，聞著濃濃的天然硫磺味台北的確是一個工作壓力極大的區域但有一個世外桃花源讓城市人可以短暫休息的地方真的很不錯釋放壓力找尋自我休閒娛樂是很重要的!北投公園最有名的就是具有綠色建築的圖書館圖書館坐落在鳥語花香的北投公園中，閱讀變成一種很愜意很放鬆的休閒娛樂裏頭的座位也非常寬敞隨興，戶外座位也可以直接吸收芬多精這圖書館的外觀也成了觀光客朝聖之所地在新北投的另一個公園-復興公園提供一個免費社區性的泡腳池，水溫熱得非常的舒服住在公園旁的住戶好幸福啊，天冷了就坐著泡腳聊天放鬆新北投的休閒娛樂真讓人稱羨前往淡水吹吹風在台北能看到放眼望去的山海風景，淡水應該是首選的景點沿著淡水岸邊散步，今日氣候還算舒服一家人出來郊遊，一群朋友出來踏青，旅客享受台灣道地的人文情饒河夜市的規模一整條進去旁邊除了店面，中間還有攤販台北在於吃的優點來說，其實便處就是可以在台北吃遍東南西北美食或許不是全部，也或許口味加減有差異，但是大部分重點商品都可以吃得到北海魚翅羹外觀陳列的小菜非常吸引ONLY二人組，店內座位也很明亮乾淨但我們進去卻沒點小吃，只點了魚翅羹和冬粉魚翅羹和冬粉都算是南部的辦桌菜，澎湃又吃得飽在魚翅羹裡面看得到眾多食材，滿足口腹之慾陳董藥燉排骨來到饒河夜市必吃藥燉排骨，湯頭滿有藥燉味，喝完會回甘排骨沾店內的豆瓣醬也夠味隔壁的吳記排骨酥因為嘴饞想吃不知道是不是物價漲得飛快，小份50算下來只有5塊排骨...接著宜蘭美食老芋仔芋頭酥最特別的是裡面包肉鬆又包蛋黃，外頭又有芋頭香，當飯後甜點再好不過接著就是圓圓燒，其實就是圓形大阪燒老闆是日本人，一位台灣人幫手，井然有序細心製作，不求快速只求完美口感真的很滑順，圓圓燒一個就是一顆蛋，濃郁美乃滋，厚實飽滿剛開始看到人群本來想放棄，果真美食總是值得等待，好吃!"
""
""
我們首先來到了1914文化創意園區，這裏不定時會更新各種藝術展覽，也分佈著眾多展銷創意商品的門市。我們本次很幸運的遇上了第十四屆台北國際玩具展，可以搭乘捷運在忠孝新生站1號出口出，步行約3~5分鍾；或善導寺站6號出口出，步行約5分鍾。接下來我們前往袖珍博物館，這裏是台灣也是亞洲第一座專門收藏當代袖珍藝術品的博物館，裏面有200多件從世界各地搜集來的袖珍藝術品，其規模僅次于美國，具世界第二位。搭乘捷運從木柵線南京東路站，轉乘46、248、254、266、279、282，至建國北路口站下車即可。這裡的作品小巧精緻，吸人眼球。接下來，我們前往故宮博物館，座落于台北市士林區至善路二段221號，搭乘捷運文湖線至大直站下車，轉乘 棕 13 往故宮博物院至本院正面廣場前下車。或搭乘捷運文湖線至劍南路站下車，轉乘 棕 20 往故宮博物院至本院正館門口下車均可。
菁桐位於新北市平溪區，從台北車站下車後，在第四月台搭乘火車（可以使用悠遊卡）>>瑞芳站。在瑞芳站一下車就是第二月台，在第二月台上有檢票口可走下月台地下道，在檢票口正對面 有一個小補票窗口，可以購買平溪周遊一日卷。接下來我們來到了最最最棒的九份！走在九份老街的石板路上，兩邊林立?各種特色的店鋪，慕名而來的遊客很多，與十分的鄉村寧靜氣息相比，又是一番不同的風味。與其說店鋪里賣?各種各樣的旅遊紀念品和小吃，還不如說是在賣?九份的記憶。這裡的貓咪完全不怕人，又大隻又可愛，簡直是愛貓人士的天堂呀！
明亮的車站大廳，瞬時讓我忘了長途車程中帶來的疲憊感，我們在黑與白間小憩，然後繼續我們的旅行。輕盈的白煙從屋瓦中升起，一踏進這棟建築迎面而來的是一片莊嚴及平靜，為數不多的香客更為這裡帶來不一樣的感受。復古味的美式餐館，早午餐，漢堡，排餐樣樣有，坐在裡面聽這80年代的老歌彷彿真的置身美國，然而餐點的品質也不在話下，價格小貴。每次來臺北必來的松山文創，樸素的文意氣息與樹林相伴，我們逛著創意市集以及各種贏得國際大獎的設計，更為我們設計本科的學生增添許多靈感。國父紀念館外一整排的學生正在練舞，打太極的爺爺奶奶，一家老小隨著水池旁飄揚的旗幟正在玩耍，最令我印象深刻的是正門裡頭的國父像，兩旁的憲兵站的比柱子還直，國歌彷彿在我的腦海悄悄響起，我心存感恩，感恩前人的鋪路，才有現在的我們。極富設計感的誠品大樓，只能說能坐在裏頭享受一個下午茶已經是人生一大享受，當你品嘗完下午茶你還能看書，購物一次滿足。走在101彷彿走在世界的前頭，時尚的頂端，也看到這棟具有中華文化的世界地標，令我感到驚艷與雀躍。
這棟建築，我們是如此的熟悉。卻不知道在哪裡。陽明山中山樓，是新台幣百元鈔的背面圖像。曾經的國民大會，樓前青?溫泉的渺渺升起的白煙，都為這山中傳奇增添神祕的色彩。中研院史語所是世界中國歷史研究的著名機構。也是少數能在國共內戰後期完整編制遷台的組織之一。傅斯年先生，董作賓先生，陳寅格先生等耳熟能詳的史學大家，都曾在此領導工作。抗戰前風雨飄搖的殷商考古，西周考古，中西合作妥協下的居延漢簡發掘和內閣大庫舊藏。豐富的館藏，讓這裡成為僅次於故宮博物院的中華文化寶庫。台北非常有名的新加坡海南雞飯。據說頗有一些新加坡旅台藝人喜歡來這裡尋覓家鄉味。高中時在某八卦周刊上看到有關此店的介紹，就記起來了。這次有機會來到台北，特地來圓幾年前夢。紅白招牌上 「要嘛新加坡，要嘛來這裡」 的標語更顯其自信。嗯，是我記憶中的店。去的時候錯過餐時，可以坐在二樓悠閒地從大片窗戶眺望忠孝東路來往的人潮。
看完電影，走在西門町武昌街，但是一轉進塗鴉街，好像都變了一個世界，超繽紛的畫面。午餐吃60年老店，被滷汁油亮色澤吸引，肥而不膩，更有免費濃郁大骨湯，讓人超滿足的。
下午出門去聽了一場詩的講座，齊東詩社的日式老建築穿插在台北摩登大樓的巷子之中，而這多元時空的融合好像令人同時擁有了過去與現在，裡頭平和安詳的寧靜加上復古帶有年代感的各式家具，感覺好像只要一杯茶，就能領會一點禪意，我脫掉緊裹腳掌的布鞋，盤腿坐在深咖啡色的木地板上，聽著上面的詩人說著詩的一切，看著字句在心中綻放，我頓時感覺到壯闊與美麗的世界如此簡單，而詩意的生活好像就是這番滋味。從詩的所在爬出來以後，我走出齊東詩社大門往左轉，竟闖入了一場華麗的遊行，如巴西嘉年華般的狂放，綿延般的人龍如此壯觀，大家都帶著彩色的心，為街道抹除黑暗，替台灣帶來開放平等的美好生活，這就是一年一度的同志大遊行，從凱道到北車到圓環都封了街，我跟著遊行隊伍一同行走，裡頭盡情展現自我的勇敢靈魂讓我為之驚艷，因為他們的打扮都太有創意了，穿著皮褲的舞男、可愛水手服的女高中生、打扮成美事女戰士的大叔和綁著雙麻尾穿著比基尼露出傲人身材的變性人，而這還只是鳳毛一角，裡面的萬千風情令人目眩神迷，如果你人在那裡一定此生難忘，這就是台北，熱情與奇幻編織而成的城市，你會為之感嘆如此不可思議的國度。我跟著遊行隊伍走到了中正紀年堂旁，而我上次好好看中正紀念堂不知道多小了，我走進了廣場裡頭，散步觀察，細心品味，而我發現吸引我的都是那些活力滿滿、笑容高掛的人，為了學校表演在練習踏步大聲呼出口號的女高中生、聆聽非洲音樂為之起舞的舞者、追著萬聖節打扮成超人兒子的老爸和在蔣公像前階梯比賽誰先爬到上面的外國情侶，很美不是嗎，我也爬上了階梯拍了一張俯視圖，有時候我想，中正紀念堂如果空無一人也是很美，但是那是一種固態的美，而加了萬紫千紅的人在上頭走動後，那成了一種動態之美，是有故事性的流動與歲月的來往，就在一個廣場之上，你能看盡所有。五點了，今天的廣場有場電音音樂會，藝術總監是林強，一個台灣音樂史上最魔幻的人，我坐在地上，從天還沒暗聽到只剩月亮高掛的夜，但一切都如此迷人，舞台上放著結合了電子、古典、中國傳統戲曲、台灣廟會以及原住民古調的魔幻音樂，搭配著強烈的視覺影像以及五光十色的雷射光影，聽得忘我的觀眾在夜裡開始舞動著自己的悸動，我也點著頭跟著節奏輕搖，那一刻，如夢如幻，台北成了夢的通道，上千人的腦海碎片飄浮在空氣之中，上萬人的澎湃情誼混雜在當下之上，為沒有星星的夜晚創造比星空還美的永恆。
來一場與詩人的約會吧~詩是簡約的語言，寫詩、讀詩、以詩入歌是臺灣人的生活美學，也是文學的根本。文化部在2009年請臺北市政府文化局修繕齊東街日式宿舍（濟南路二段25、27號）完成之後，龍應台前部長將此唯美的歷史建築命名為「齊東詩舍」。齊東詩舍地址：100 臺北市中正區濟南路二段25、27號電話：02-23279657巧之味是間遠近馳名的店，深受附近學校學生與老饕的喜愛，因此吃飯時間都要排隊。據說巧之味還著小英總統御用水餃之稱唷~巧之味的水餃有三種口味，分別是招牌水餃、韭菜水餃、干貝水餃此外，也可以搭配小菜、酸辣湯、綜合丸子湯店家資訊:巧之味手工水餃(濟南店)地址:台北市中正區濟南路二段6號電話:02 2321 4693營業時間：11:00–21:00粉絲團：華山是我很喜歡的地方，除了有許多很棒的展外，華山的地方很大，跟著心情慢慢地走，就能感受到這塊土地的活力與熱情。所以我很推薦大家可以來這邊走走，也可以來這邊聽志工的導覽，會對這裡更加了解唷~假日定時導覽提供中文定時導覽服務，導覽時間約40分鐘，將由導覽志工帶您走訪園區各處，介紹華山歷史進程、特色建築植物，讓您看到另一面的華山。導覽時間：每週六、週日 10:30、16:00集合地點：園區服務中心參加方式：不需事先預約，於導覽開始前至服務中心集合園區地址： 100 台北市中正區八德路一段1號開放時間： 戶外空間24小時開放，其他依各活動/店家公告粉絲團：
從新店的萬隆站到淡水站 約一個小時的時間從淡水捷運站到淡水的漁人碼頭，腳踏車大概要40分鐘，可以沿淡水河岸走，另外也有公車可以搭淡水紅毛城&小白宮&滬尾砲台是共同收費的，一張門票可以去三個地方淡水老街，有很多吃的玩的
木柵動物園是臺北市內的一座公立動物園。地址： 台北市文山區新光路二段30號開放時間：9：00 ~ 17：00電話：02 2938 2300#630門票費用：全票60元、優待票30元交通方式：捷運木柵線「動物園站」1號出口貓空纜車於2007年7月4日啟用的纜車系統。路線由臺北市立動物園西南側起，至貓空地區，全長4.03公里，貓空纜車共設有4站提供上下車服務，分別為動物園站、動物園南站(在動物園裡面)、指南宮站、貓空站。貓空纜車為台北市首座觀光休憩纜車，同時亦是臺灣最長、首座具有大眾運輸性質的纜車。地址： 臺北市文山區萬興里新光路2段30之2號開放時間：週二至週四 09:00 ~ 21:00週五及國定假日前一天 09:00 ~ 22:00週六及國定假日 08:30 ~ 22:00週日及國定假日最後一天 08:30 ~ 21:00電話：02-218-12345費用：單程票票價： 120元 (動物園站搭到貓空站)，有些身份是想有優惠票，詳情請上 http：//查詢交通方式：捷運木柵線「動物園站」2號出口注意事項：我們是搭遊園列車從動物園南站開始搭乘，而且等待搭乘纜車的人數非常少，節省排隊的時間。位在實踐大學附近，平價又大份量的學生美食，每到用餐時間經常是要排隊等候的熱門店家地址： 台北市中山區大直街46巷29號營業時間：週一至週六11:00–14:00, 17:00–20:00 、 周日公休電話：02 2533 7543交通方式：：捷運文湖線「大直站」1號出口，走5分鐘位於台北市、豎立在基隆河截彎取直的大彎段新生地之上的全新概念商業設施『美麗華百樂園』。地址： 台北市中山區敬業三路20號開放時間：星期日~星期四11：00~23：00星期五、星期六及例假日前夕11：00~24：00電話：02 2175 3456門票費用：平日（星期一~五）全票150元、優待票120元，假日（星期六、日及例假日）全票200元、優待票150元交通方式：：捷運文湖線「劍南站」3號出口
我們從高雄出發搭乘最早的台鐵自強號前往台北車站車程約5個小時，抵達台北時大概11點，就在車站附近隨便找間路邊小吃解決接著我們從台北車站前往台北市立美術館，交通：捷運圓山站>捷運中正紀念堂站>中正紀念堂交通：捷運中正紀念堂站>台北101/世貿站101大樓、信義商圈－信義商圈都是百貨地帶，東西都不便宜；交通：台北101/世貿站>捷運劍潭站>士林夜市捷運劍潭站－捷運台北車站（轉運站）最後搭乘客運的夜車回高雄
野柳是著名的地質風景區，園區裡有著世界奇觀之一的奇景，許多慕名而來的遊客到此一遊一覽屬於台灣的美景。要來此地也有很多的交通工具可以抵達，客運也非常多班次，這次透過台灣好行的行程，遊覽北台灣海岸線的美，會是一趟拓展眼界心界的旅程。山城海景，一邊是山一邊是海，這是我第一次到九份看到的景像，搭著公車一路的往上開，越往高處看得越寬廣，遠望的風景是多麼令人讚嘆不已。下午逛完這兩個景點後，回到台北，轉搭著捷運來到士林夜市，熱鬧的台北城夜市是必來的，裡頭有許多的特色小吃可以有吃又有玩的兼得，最後就用夜市小吃來結束一天漫活樂遊的台北一日遊，
LINE FRIENDS Cafe & Store就位在新天地A11館1F，捷運坐到世貿站下車再走路過去，一下子就到了，裡面有各式各樣LINE相關的產品，真是個廋荷包的好地方丫，還能跟LINE的大型人偶拍照喔。看完LINE FRIENDS後，如果覺得肚子有點餓，在LINE FRIENDS Cafe & Store旁邊就剛好有賣超人氣的ZAKUZAKU棒棒泡芙，排隊的人潮真的蠻多的，想要吃到還真要有點耐心丫。吃完香甜的泡芺有力氣後，走出新天地A11館，再走過一條街，進入ATT 4 FUN地下1F的「橡子共和國」，馬上就可以看到大人小孩都喜歡的龍貓了，不管何時都可看到一堆人搶著合照，所以想要合照的話要有點耐心等待，不只台灣遊客想要合照，也會看到很多外國遊客也都搶著合照呢。看完LINE Friends & 龍貓後，想當然荷包也廋了不少了，最後可到北美館來一趟不用花錢的人文氣息之旅，捷運坐到圓山站再走路穿過圓山公園即可到達，目前剛好有王文志先生用竹子創作的「庇護所」之第一階段「穹頂平台」已開放參觀囉，，第二階段「瞭望台」預計於2017年10月26日開始施作，並於12月1日對外開放，所有展期只到2018/04/01，有興趣的朋友可不要錯過了。p.s.  禁止攜帶任何食物飲料入內，工作人員會一直看著你一直看著你...
這回要介紹的是位在吳興街的「王家口袋燒餅」，由本土天王吳宗憲的女兒Sandy所開的創意燒餅店，對我感覺很新鮮的是燒餅的口味多元，名稱也取的很有趣，於是便興起想來吃的打算，例如村長燒餅、海軍燒餅、甜不辣燒餅等等。另有蔥大餅、手撖蛋餅、小點心等選擇，顛覆了我對傳統燒餅的想像！每年在追逐花季，就絕不能錯過水車寮步道的繡球花田，大約在5-6月是花期，但花況要視天候影響而定，一整片的紫色花海，真的超美的°陽明山國家公園，也是一個很不錯的爬山所在，我覺得對我來說這邊和象山相比還算平緩的步道！下午可以到充滿美式風格的甜點店「亞尼克夢想村」，享用派、蛋糕等°
逛完猴硐貓村後，準備前往黃金山城－九份老街，就要先搭區間車到瑞芳車站，在頂好超市往前走約３００－４００公尺去搭公車到九份老街，假如沒塞車的話大概１５至２０分鐘即可抵達！最後搭乘基隆客運７８８號前往最後的目的地「基隆廟口夜市」。我終於來了，體驗人山人海的感覺！結束了一天的行程返回台北！
猶記得剛上來台北時，有朋友和我介紹「中正紀念堂」，遠遠從外觀上看上去十分雄偉壯觀，連外國人都會來這邊造訪及遊玩°早上可以吃位在中正紀念堂附近的「鼎元豆漿」，也是滿多人推薦來品嚐的中式平價早餐°下午可以至永康街，品嚐芒果皇帝冰店的招牌「芒果冰」，這間店還曾榮獲2015年總統府國慶宴會所指定的冰品，是大家有機會可以來品嘗看看的店。永康街還有一些文創特色小店，是喜歡window shopping的你可以來看看的！既然都來到信義區了，別忘了可以去台北新光三越信義新天地A11館，去逛熊大妹商店，不但有周邊商品，不難看見許多民眾在排隊和公仔合照，真的是可愛極了°晚上再去吃Kitchen island中島的四色飯，補充滿滿的營養，簡單一天的行程就告一段落！
利用課後閒暇的空檔，來了一次午後的放鬆漫步為了有一個好的心情迎接大稻埕首先必須先填飽飢腸轆轆的肚子推薦這家隱藏在小巷間的老店—大稻埕魯肉飯在長安西路的轉角上，店內主要有賣各式甜味，冰品、冷飲、熱甜湯等，不論天氣冷熱與否都適合來上一碗呢！
在晴朗的一天出發！從台北車站出發，不用一個小時就來到基隆，在車站外面就是台灣好行T99的公車站，很方便的。啊！大家一定要注意公車的班次，要不然就會好像我們一樣要等40分鐘才有車。（不過還好啦，反正我們還未吃早餐，那我們就有機會先去便利店買早餐了！）坐了大約30分鐘就來到和平島了！下車後沿著海邊方向就看了和平島的入口。走進公園後，往右邊走就可以看到自然奇觀；往左邊走就可以看到超美的海灘。不過無論大家是往左邊還是往右邊開始走，都可以拍到很多風格照的！天氣真的超超超熱的。來到國立海洋科技博物館，當然要到餐廳吃點東西補充體力，順道降降溫吧！潮境公園是近來IG的打卡熱點。其實除了來打卡之外，大家都可以來野餐、放風箏、放空、看海和拍風格照啊！本來計劃一併去忘憂谷的，沒想到在這個公園會待那麼久，結果要忍痛取消忘憂谷的行程了。這個車站被稱為台北版的多良車站，而我卻覺得它像日本神奈川的鎌倉高校前站。臨時追加的景點。原本我們計劃在八斗子車站看完夕陽就回家，但我們突然發現下午4點38開出的區間車可以到十分車站，好啦！那就去十分放天燈看夕陽吧！誰不知，當我們到達十分車站後，天就開始下雨了。雖然大家都說下雨都可以放天燈，但我卻覺得這就是不完美。最終我們來到十分車站買了兩杯檸檬愛玉，然後就回車站等車了。走了足足一整天，終於回到台北車站。隨便在車站商場逛一圈，發現已經有很多超吸引的餐廳進駐了。患有嚴重選擇困難症的我真的不知怎麼辦..吃得太飽，總要找個地方吃杯茶消消膩，聽聽音樂輕鬆一下。挑了這所在台灣大學附近的海邊的卡夫卡cafe一邊聽爵士樂，一邊喝蜜桃茶。（不定期有Live band表演啊!)由於太晚才回家的關係，今天白白錯過了參觀總統府的機會。可能每個旅行都不帶一點遺憾，那下次才有藉口來旅遊吧！好啦！下次來台的其中一個見的充是要參觀總統府。
首先是台北最火紅的早午餐「餵我早餐」，早上八九點就已經看到一堆人在裡面用餐了，內用還要等一個小時多，於是只好外帶到隔壁的大安森林公園去野餐囉～接著是午餐，午餐吃的是在國父紀念館旁邊的一家披薩店「Plus Pizza」，很特別的是披薩的料是可以自己選的，還有各種起司可以選擇，而且還可以搭配雞翅，不想吃鹹的披薩，它那裡也有做甜的披薩喔！「 GQOD PLAY 大人的球池」這間超人氣韓式創意料理餐廳真的是超難訂位，就連現場排隊也不一定吃的到，但是最後我還是訂到位子啦！(灑花)「象山親山步道」
望古車站被譽為祕境車站，沿著指標前行很快即可到達望古瀑布步道，瞧見望古瀑布的廬山真面目，果然不負所望.....十分風景區實際地理位置是在基隆河的支流上，基隆河是北部地區最大也是最長的一條河流，由於源頭的侵蝕作用與附近切割地形的關係，造成許多的斷層與奇岩，而河水經過這些斷層和奇岩後，流速快而造成許多瀑布奇觀。
第一站來到民權西路站，再訪我的私房甜點！隱身在晴光市場的「台灣人ㄟ甜甜圈」！晴光市場距離民權西路站步行約5~10分鐘，不過我們是為了甜甜圈而來，來的時間比較早，建議晚餐期間會有比較多東西可以逛。買完吃得怎麼能少的了冰涼透心的飲料呢？接著我們來到芝山站，拜訪料多實在讓人喝得很有飽足感的飲料店。「王董ㄟ茶葉蛋」！這裡注意，Google地圖上的是他們家的舊地址，官方Facebook上的地址才是正確的，不然就會像我們一樣跑錯地方@@備齊甜點+飲料後直接上陽明山吧！一改過去習慣走的仰德大道，這次我們從中山北路上去，這條路因為路小又陡，比較少人走，之前從未走過想說冒險一下XDD過了小油坑就快到我們的目的地了～是一個觀景平台，也有步道可以走走，很適合假日一家大小踏青的地方！賞完美景、甜甜圈和飲料也吃完，剛好接近晚餐時間，決定趁夜色尚明時趕緊下山，記取中山北路上山時的陡峭，這次身體很誠實的從仰德大道回去，來到士林站附近一間很有店家個人特色的日式居酒屋，「勝力食堂」，是間CP值很高的店，可惜他們已經在9月底正式宣告歇業了，沒有來得及去吃的朋友們真的很可惜，只能透過照片分享他們家的美味。
地址:11083台北市信義區松山路465巷12號營業時間: 平日7:30~16:30；電話:(02) 2727- 7786選擇原因:離自己的家很近，搭公車幾站便到了，是家附近最好吃的早午餐店，推薦給大家!地址:台北市市民大道100號西起塔城街東側，東至北平西路下方)一段(台北車站北一門Y4出入口步行約1分鐘)特色:全長約1公里，是全台首創具規模的地下商街營業時間:平日11:00~21:30；假日11:00~22:00選擇原因:台北地下街是我童年的回憶(從父母帶我來逛~自己帶朋友來逛)，不論是否下雨，都是逛街的好去處!地點:鄰近捷運東門站，範圍界於金山南路與新生南路之間特色:各式各樣的特色餐廳、店面，包羅萬象，交通極為方便選擇原因:主要是交通路線的配合，也是個十分適合光街的地點，過往帶外國朋友都會來此地~~地址:台北市信義區信義路五段7號營業時間: 購物中心:週日至週四11:30~21:30週五、週六及例假日前夕11:00~22:00觀景台:周一至周日09:00~22:00特色:台北地標、落成之初曾為世界第一高樓，目前名列第四選擇原因:若是和非信義區的朋友(應該說住家離101較遠的朋友)我都會帶他們來看看，畢竟101是台灣地標，且下午時的101總是特別美!最重要的是，我剛好要在這轉車，可以順路欣賞風景!地址: 台北市南港區東新街170號特色:為台北市第二大的公園；以後山埤(塘)為公園主體選擇原因:這是離家裡最近的公園，從小在這玩耍~有幾處秘密基地~~風景非常漂亮，根本是台北的瑰寶!
以十九世紀英國盛世維多麗亞王朝之建築風格元素，創造新貴族古典時尚旅館-維多麗亞酒店(Grand Victoria Hotel)，位於內湖大直地區—捷運劍南路站旁，為最具代表性的時尚五星級飯店。以古典語彙建築外觀、英式貴族鐘樓、層次漸變的LED燈光、英式風情戶外花園，創造出維多麗亞酒店的多樣風貌。順益臺灣原住民博物館於1994年6月9日開幕，為國內第一座以原住民為主題的私人博物館。除了積極從事台灣原住民族文物蒐藏保存之外，博物館藉由多樣化的教育活動促進台灣原住民族文化的推廣，館內的常設展及特展也忠實地呈現了台灣原住民族的豐富的物質文化。此外，為尊重原住民族對自身文化的詮釋權，館內每年舉辦一次「與部落結合」特展，採取與單一族群部落合作的方式，共同規劃特展內容，彰顯獨特族群的主體性，提供原住民族文化展演的場域，使博物館成為多元文化的發聲管道及論壇。位於台北外雙溪的國立故宮博物院，是以典藏華夏文物馳名於世，收藏主要源自清宮，集千年皇室精華，藏品含括器物、書畫、圖書文獻及亞洲文物等近70萬件。其源於北京故宮者，皆出自遜清內府；原屬中央博物院籌備處者，多係古物陳列所舊藏，為熱河、瀋陽行宮所有。台北故宮也是中華民國規模最大的博物館，同時也是古代中國藝術史與漢學研究的重鎮，名列全球最受歡迎藝術博物館第7位。文創伴手禮限時特別展出龍藏金、王羲之快雪時晴帖健康午餐休息睡午覺10月、11月芒花季露天裸湯(另提供付費刮痧拔罐紓壓按摩)於木造日式建築享用美味晚餐約 TWD400/人由boredpanda發起「仙境之橋」票選，台北內湖區大湖公園錦帶橋或網路票選第一名。
早上可以吃銘傳人的早餐街簡單來說便宜又好吃啦，一個銅板解決煎餃6個$30 套餐8個煎餃+紅茶$50店址：台北市士林區文林路114巷內營業時間：每日6:30-18:30(賣完提早結束，寒暑假與例假日休息)平均消費：$50/人首先先搭乘捷運至士林捷運站2號出口，步行前往士林官邸，路程約5分鐘一年四季都有不同的花季，配合政府活動例如：春季3-4月玫瑰 秋季11-12月菊花  有時也有蘭花展地址：台北市士林區福林路60號開放時間：每日8:00-17:00(周一休館)門票：免費(若進入士林官邸正館 全票$100 優待票$50)接著轉乘公車255區/660/紅30至士林高商，若一小時內轉乘公車票價6元，車程約20分，步行進入科教館炎熱的天氣就到室內避暑吧~常設展部分，全票$100 優待票$70，可以逛到中午，館內也有許多互動裝置，若要觀看3D劇院或動感劇院，需額外花費全票$100 優待票$70，但Sophia建議常設展就很夠囉~記得在館內使用洗手間，多補充水分!地址：台北市基河路363號開放時間：每日9:00-16:00(週一公休)門票:全票$100 優待票$70(劇院另計 全票$100 優待票$70)中餐可在兒童新樂園解決，美食街有著豐富的餐點，例如扁食麵，四海遊龍，burger king漢堡王，麥當勞......等等。倘若吃膩了速食，位於天文科學教育館美食街的壽賀喜屋拉麵也是非常推薦，Sophia是在106年9月關注到壽賀喜屋這間店的，當時有憑學費收據換拉麵的活動，造成排隊人潮絡繹不絕，Sophia都擔心老闆要虧本了!一碗拉麵大約$100多，湯不會像日本拉麵如此死鹹，算是台式口味，麵條也相當有嚼勁，好吃!地址：台北市基河路363號地下室營業時間：10:00-20:00(配合科教館週一公休)平均消費：$170/人入口處可刷悠遊卡：全票$30 優待票$15進入園區後可看自己喜好選擇遊樂設施，採每項計費，Sophia自己玩下來，幾乎玩到八成設施，大約共$200多~可以玩上一整個下午啦而且最近有學生優惠套票歐，11/1-11/30憑學生證平日$100假日$150可以任選1-13號遊樂設施五項地址：台北市士林區承德路五段55號開放時間：每日9:00-17:00(暑期可能夜間開放，建議注意官網)門票：全票$30 優待票$15(每項設施另計)來到今日的重頭戲，連外國人都愛逛的夜市晚餐的選擇實在太多啦~讓Sophia來推薦幾家店吧首先是桂丁香Cloves & Cinnamon點餐方式為單點，非常建議點烤餅來嘗嘗，沾著咖哩雞肉的醬汁，讓人一口接者一口另外印度奶茶也是非常道地，有著濃濃的印度香料味~店址: 台北市士林區大北路68號營業時間：週二~週五11:30-14:00: 17:00-22:30週六~週日11:30-14:00: 17:00-23:00週一休店!!!電話: (02) 2883-9833平均消費:250/人另外若喜歡中式或台式料理，推薦直火人直火燒肉丼飯屋，它在士林，公館皆有分店，一碗丼飯不到$200(約$160豬五花或牛五花~$230)，加湯加飯免費~額外想要小吃的話，小東街的食來運轉，文林街101巷的水煎包和郭家蔥油餅都很推薦歐~直火人直火燒肉丼飯屋店址：台北市士林區大北路7號營業時間：16:00–23:00食來運轉店址：台北市士林區小東街31號營業時間：每日10:00–21:00水煎包和郭家蔥油餅店址：台北市士林區文林路101巷營業時間：每日15:00-20:00
搭乘文湖線在西湖站下車，google定位「台北市內湖區環山路一段136巷」走到巷底就會看到金面山親山步道登山口，距西湖捷運站一號出口約十分鐘路程。進入一段崎嶇的山路，但不算難走。開始流了一點汗之後回頭望走過的地方，視野一步步遼闊。下山之後已經日落了，回程搭著文湖線到大安站尋找巷弄美食！！！吃完拉麵，飽餐一頓之後，繼續我們的飯後運動搭乘捷運紅線到象山站，象山離市區近，能俯瞰台北夜景的最佳景點交通便利，體力方面也不像金面山強度這麼高是一個適合飯後運動又能大飽眼福的地方！
一來到這裡馬上就被那種簡樸、和風的日式建築給吸引了曾經是當時台灣最大的日式寺廟，可是後來因為一場大火使得這邊大部分的建築被燒毀，只剩下本堂台基、鐘樓及樹心會館等整個廣場看過去非常廣闊，可以想像在過去盛況現在除了不定時舉辦導覽外，也會作為展覽空間從來不知道在西本願寺裡竟然有這麼一家店~~「輪番所」是過去寺廟住持所住的地方而「八拾捌茶」則是目前進駐在輪番所的台灣茶品牌裡面販售了各式各樣的台灣茶，包裝也很精緻，買來送長輩朋友都是個好選擇另外還有提供午餐、甜點及品茶小點坐在塌塌米上，一口茶一口點心，享受屬於這裡的悠閒愜意愛喝茶的人，一定會很喜歡這裡!!!從1908年興建到現在已經有一百多年的歷史哦!原本是台灣第一個官方的公營市場，是由日籍建築師-近藤十郎所設計的以「八卦造型」取其八方雲集之意作為入口，「十字架造型」作為市場主體的特色包括重新打造的16工房、藝文展覽平台-河岸留言北廣場的創意市集、南廣場的露天酒吧區一起走進這個歷史與創新並存的獨特空間，感受台灣文化的能量西門町著名指標的商場，販賣的商品應有盡有年輕人喜歡的鞋子、手錶、流行服飾到小孩玩得遊樂設施地下一樓也設有美食街，如果逛累了就可以直接用餐最特別的是這邊被稱為扭蛋和模型的愛好者不可錯過的天堂!!!你想的到或沒看過的收藏品都可以在這裡發現哦心動不如馬上行動，趕快手刀來逛逛吧最有名的徒步區，還分別有電影街、刺青街、美國街近幾年來許多國外知名品牌也都選擇在此設店平時也會有不同才藝的街頭藝人表演或攤販這個新舊融合的地區，吸引了來自世界各地的旅客~~~每到用餐時間就擠滿了人，不論是觀光客、本地人都有最有名的就是他們的半熟蛋滷肉飯，把蛋戳破後拌在飯裡一起吃，超讚的!還有香菇肉羹湯也好好喝，加上醋更是加分人家總是說越簡單的東西越難做的好吃，但這家店做到了而且又平價下次來西門肚子餓想吃點東西，就來這裡吧~~在西門町逛街逛累口渴了，就是要來杯冰涼的楊桃湯!這家店可是從1966年就開到現在呢 儘管如此還是每次都大排長龍如果不敢吃楊桃的人 不用擔心 還有鳳梨冰哦他們所用來製作的原料可是經過人工採收、清洗、醃製總共要耗費三個月的時間才能完成所有製作過程第一口喝下去，就有種透心涼的感覺酸甘甜的味道融合在一起，非常特別1947年就在的老牌冰淇淋 共有73種特別口味只怕你不敢點 這裡竟然有賣肉鬆冰淇淋!後來得知其實是雪王為了讓年紀大的老顧客能在享受甜食之餘又不用擔心健康的問題才特製出鹹口味的冰淇淋，除了肉鬆外還有麻油雞、九層塔等口味非常具台灣代表性，歡迎想嚐鮮的人，快來試試看
“七號公園初次登場是那個三月”大安森林公園是五月天最初的舞台，台北的第一站也從這裡開始吧。早上呼吸著新鮮的空氣，在公園中休閒漫步，感受著最真實的台北，台北，早安：）騎行ubike來到誠品敦南店。走進書店，或站或坐，走停悅閱，感受這個城市的文化氣息。而忠孝東路—敦化南路一線，除了誠品，還有琳瑯滿目的店鋪，不論是矗立在忠孝東路上的潮牌商場，或是隱匿在巷弄中極富小資情調和風格的美麗小店，轉過街角，走走停停，享受慵懶時光,體味潮流與優雅的臺北。中午就來到五月天阿信所開設stayreal cafe來享用吧，不管是鬆餅還是飲品都很棒喔~吃過午餐，乘捷運來到以溫泉聞名的北投，這裡也是主唱大人的故鄉~北投之旅要開始啦~由於溫泉博物館在休館，這次很遺憾沒有參觀。順著親山步道，就來到了地熱谷。溫泉的味道與溫度迎面而來順著光明路一路走過北投國中就來到了五迷打卡熱地—告白巷。這裡是阿信第一次和女生告白的地方。當年穿巷而過的機車馬達聲蓋住了阿信說的“我喜歡你”，女生沒有聽到告白，是失敗的告白，也是青春的回憶。逛累了，來個招牌花生綿綿冰~綿密又酷爽的口感，一下子又元氣滿滿啦~“走到淡水海岸” 由北投搭捷運到淡水，出站就看到好天氣。沿著水邊走走，嘗一嘗傳統美食，看一看老式的建築，空氣中彌漫著懷舊的氣息，享受愜意的午後時光。耳邊傳來《志明與春嬌》的彈唱，伴著波浪有節奏地拍打水岸，感受著舒爽的海風，靜靜等著夕陽落下。很完美的一天，追尋著五月天的足跡讓我看到感受到了這座城市的溫度與溫情。不算是私房也不算是大眾的路線，也讓我覺得樂趣滿滿。台北，有他們的印記，如今，也有屬於我自己的美麗回憶了：）
"從臺中坐客運到了台北，第一站就是轉運站因為是全台客運匯集地，所以有四層樓，並且有一條專屬道路直接接上快速道路真的很酷，很快速~隨意騎著單車，來到台北車站這裡的景色真的很漂亮~忍不住拍了一張一路上遇到許多國外來的朋友真的有international的感覺:D來到台北，一定要來全台首府看看!!二二八公園在我過去的人生只出現在課本上如今終於能來實際探訪了!我們一起看看吧!全台知名的文創基地，這裡的文創店家都是經過層層篩選的青旅行絕對不能漏掉的必經之地!~逛完文創園區，時間也到了中午，一路騎車就看到了鬍鬚張我的吃飯首選就是「吃得飽」「有冷氣」「有座位」看來這家店完全戳中我的點阿~~吃完午餐，休息一下，就前往下個行程「台北當代藝術館」逛完藝術館，一出來就飄著毛毛細雨，趕緊騎車回來還車還車完就開始下大雨了!!阿...怎麼辦，下大雨哪裡都去不了，只好到地下街晃晃囉!還好，雨都是一陣一陣，從地下街走上來也看到了溫暖的陽光於是就繼續前往下一站「大稻埕碼頭」!從轉運站騎腳踏車到這裡只要10~20分鐘，不會很遠繞了一下大稻埕，肚子也餓了!!於是乎晚餐就選在大稻埕附近的迪化街小吃""台南土魠魚羹""!!"
涼爽的早晨，來到藝術家們的聚集地-台北國際藝術村(寶藏巖)。漫步五光十色的藝術村，發掘每一棟房舍的精采，都是藝術家的精心雕琢，打造出橫貫東西方，並結合在地與國際的文化藝術之美。此地可說是文青的不二之選，拍照放鬆兩相宜。地址:汀州路三段230巷14弄2號從公館搭乘208路公車到大直美堤花園二下車，沿著樂群二路向前行。不久，路旁就能聞到龍眼木飄散出的香氣，那是經過長時間小火燻烤的滋味，肉汁緊緊地鎖住木柴的燻香；肉質悄悄地融化油花的肥美，帶出了道地的美式炭烤風味，令人垂涎三尺。Ed's Diner深受美食饕客們的讚賞與喜愛，餐點用料實在，每一口都扎實美味。地址:台北市中山區樂群二路216號從美麗華坐接駁車到捷運劍潭站，沿著文林路踏入士林官邸，印入眼簾的是綠樹成蔭，綠草如茵，可以說是台北的後花園。多少人來此躲避城市喧囂，尋幽訪勝。不時還有花展，總能讓人心花怒放。地址:台北市士林區福林路60號士林官邸外便有很多公車能前往故宮博物院，不消幾分鐘便可抵達。矗立陽明山的故宮，巍峨莊嚴，記錄著華夏千年文明，吸引來自世界各地遊客到此一遊，一睹風采。據說故宮內的收藏，十年都展不完，可見其館藏之豐富。故宮也是本地人怡情養性的好去處，不僅有底蘊濃厚的人文氣息，亦有匠心獨具的山水造景，引人入勝。地址:台北市士林區至善路二段221號
趁著好天氣從家裡沿著民生西路慢慢散步至迪化街，來到迪化207博物館。它建於1962 年的老房，2009 年列為台北市歷史建築，前身為廣和堂藥舖。在荒廢了10多年重整後開幕的第一個特展正是磨石子特展！雖然參觀當天沒有導覽，但站在門口的人員可能看我很有興致的樣子，還是幫我做了簡單的導覽，包括入門前看到的蜜蜂磨石子、一樓的老山高麗參以及二樓的那串葡萄都是有所意義。三樓還有個自助式的２０７ＣＡＦＥ，逛累了還可以在這邊稍作休息那天還偶然發現下方正映著廣和堂藥舖鐵窗字樣的影子，很美！看完了展覽，別忘了還有四樓的大陽台，可以俯瞰迪化街景以及老屋群的屋頂！離開了迪化２０７博物館，在往後走些就會看到阿嬤家（AMA Museum)，這是一個為台灣慰安婦所設立的紀念館。一樓前半部為咖啡館，就算不喝咖啡也可以直接入內參觀。經過一段小走廊，來到後方的展示廳，展示著台灣慰安婦的歷史故事以及物品等...老實說是一個看了「很痛」的展覽。但從整個紀念館裡，隨處都可看見象徵著「韌性」的蘆葦蹤跡，讓人看了有點安慰卻又有點心酸。另外，在二樓還有一個「蘆葦之歌長廊」，是用許多金屬燈與象徵蘆葦的透明管組成。雖然在長廊外的介紹提到將手掌放置金屬燈下便會出現象徵已知的阿嬤名字，就像捧著她們，支持著她們一般，但可惜當天嘗試並沒有出現介紹中的效果。一路沿著迪化街往河堤的方向走到底，就看到了迪化街十連棟！完整保留了立面騎樓，從任何一個入口穿越看到的景色竟是新建的大樓，不禁讓人產生穿越時空的錯覺 : )尤其看到後方的布行，更是勾起小時候外婆和媽媽常常帶著我們到布行去串門子的回憶！迪化街說長不長，說短不短，認真逛下來還是需要一定的腳力與時間！來到大稻埕完全不用擔心餓肚子，因為隨處可見好吃的道地美食。離開迪化街十連棟，回頭往慈聖宮的方向走去。雖然在慈聖宮大多數美食都是下午就收攤了！但「許仔豬腳麵線」可是營業到晚上６點，所以完全不需要趕，慢慢來還是吃得到美食。說來慚愧，身為大同區人竟然是初訪「許仔豬腳麵線」，它在網路上可是頗負盛名！一坐下來，便跟老闆說：「我要一碗豬腳麵線」，但可能老闆看我是第一次來便問：「你要有骨頭還是沒骨頭的？」我：「沒骨頭的，謝謝！」老闆：「小姐，沒骨頭的下次請指名腿肉麵線喔！那你要全瘦肉還是正常的？就是半肥半瘦。」第一次來，當然要吃正常的囉！「正常的，謝謝！」我說。過沒多久，腿肉麵線就上桌了！即使是清燉，湯還是非常的濃郁，而且湯喝不夠還可以續喔！吃飽喝足後，繼續往民生西路方向走去，到大稻埕碼頭廣場吹吹風散散步！一進到廣場就可以看到許多攝影愛好者站在河堤邊卡好位，準備大顯身手～看著天空在短短的時間裡，做了無數的變換，真的非常療癒！就算河風大的吹亂了千萬髮絲，也情願站在岸邊欣賞這無價美景。基本上，大稻埕一日散策到這邊就可以告一個段落了！其實除了上面所說的幾個景點，迪化街還有許多值得探訪的地方或店家，像是永興農具工廠、老棉成燈籠店、林豐益商行等...實在難以用一篇文章一一介紹！另外，如果對人生有疑惑，或對算命有興趣，也可以去林五湖擇日館卜個卦～其他的就留給大家實際走訪迪化街時慢慢探索囉　：)但如過還有腳力或是胃還有空間，不妨再到不遠的寧夏夜市以及赤峰街走走～但赤峰街多數店家約８點左右就關店了！如果抵達赤峰街已經超過8點也沒關係，還有今年8月才正式開幕的誠品R79中山地下書街300公尺的書街除了書籍、文具雜貨外，還有黑膠唱片館、獨立出版精選書、咖啡茶飲與甜品以及兒童天地，很值得花一段時間慢慢走～另外，很值得一提的是目前誠品R79正展出著由攝影師叮咚以赤峰街為題拍攝的一系列「赤峰日常」攝影展。小小的攝影展還很用心作了幾個傳統窗花，讓這系列作品更有赤峰味！攝影展：叮咚 Ding Dong 攝影展 誠品r79「聚落」集體創作攝影展展出時間：2017/08/07~12/29
早上九點開門的兒童樂園，絕對是一天行程中最完美的開始，還記得小時候，最期待的不就是去遊樂園玩嗎?坐在摩天輪中轉呀轉，陸地上的人們都變得迷你可愛，開著碰碰車撞來撞去，乘著海盜船放聲尖叫，壓力一瞬間消失了，跟變魔術一樣。讓自己回味一下童時樂趣，忘卻一下城市的煩擾，好好放鬆have fun。這真的是闔家大小的旅遊景點，不論是自己一個人還是，熱戀中的情侶，或者是帶著小朋友的爸爸媽媽都很適合唷!下午搭乘捷運來到中山站，到處逛逛，走入小巷中還有許多特色小店，選擇間咖啡廳坐下來待一個下午，悠悠哉哉，來塊小蛋糕，自己和自己獨處或者和朋友大聊近況，都是很高級的享受。這次我選擇了睦偲咖啡，位於中山北路的小巷中，沒有非常醒目的招牌，而是隱身於老屋中，有著獨特風格的咖啡小店，走入其中，空間瀰漫咖啡香氣，讓人身心靈都感覺到放鬆，待上一個下午都不成問題，喝著香濃的咖啡搭配蛋糕，多麼愜意。沿著中山北路到民生西路左轉，步行約15分鐘來到了寧夏觀光夜市，填飽大家的五臟廟，吃飽了才有力氣繼續努力，在這邊有吃有玩，各式美食小吃應有盡有，還有小鋼珠，滾滾球的小遊戲，滿足吃喝玩樂的所有需求，結束一整天的行程，來個happy ending。
松菸是個很棒的旅遊景點
這間隱身在巷弄間的早午餐店並不好找，就像那些不在景深之內的人群，他們也屬於台北的一部分，卻總是被包括在外，雖然店家具有強烈性別友善的標誌，可以此行銷作為同志圈的聚集地，就能成為一個網路熱蒐的餐廳，但他們並不只於此，對於餐點的用心製作、豐富的創意料理，平價的消費金額，彷彿在證明他們可以脫去一切的標籤，撇除了錯誤的偏見之後他們和一般人並無二異，這是個現代台北的包容與多元。一百多年前台灣就是移民社會，當時艋舺可說是北部最重要的港埠城市，一府二鹿三艋舺，就是當時北中南最重要的三個商品集散地，可想而知當年的艋舺是多麼繁華，歲月漸遞時代轉換，如今台北西區成為了陳舊的代名詞，但事實上這裡古蹟廟宇林立，是台北庶民文化不可或缺的瑰寶，又幸這幾年許多有志之士投入文化資產的保存運動，許多萬華的孩子也重新述說屬於艋舺的故事，在艋舺老街可以看到許多具又豐富歷史的建除街區。沿著貴陽街走就能見到一個高聳的牌樓上頭寫著青山宮，它與龍山寺、祖師廟、天后宮、地藏王廟並列為艋舺五大宮廟，不只是當地居民重要的信仰中心，也乘載著台灣特有的庶民文化。青山宮建於清咸豐六年（西元1856年）主祀的青山靈安尊王是泉州人重要的信仰象徵，每到農曆十月二十二日王爺誕辰的「正日」就會舉行隆重而莊嚴熱鬧的廟會慶典，是台北三大重要的廟會之一，其獨特的閩式建築也吸引許多電影來此拍攝。轉進華西街，幾年前這裡還是台北最重要的觀光景點之一，但隨著時代更迭街區老化漸漸沒落，但在此仍能看到許多獨特的時代痕跡，講到華西街老台北人都知道那是特種行業的精華紅燈區，雖然這樣的職業漸漸汙名的被排擠到城市的邊緣與角落，但不得否認的是它仍是台北多元文化不可忽視的存在，他們和所有人一樣都努力像在這座城市生活下去，每個人都帶著不一樣的過往來到此地，落地生根，這是台北的歷史，這是台北的價值，如今華西街的喧騰外移到西昌街與桂林街上形成夜市面貌，台北一直都是推陳出新的，努力綻放光彩在我們面前。龍山寺的名聞遐邇幾乎也無須多嘴，清乾隆三年（西元1738年）此地移民將家鄉福建安海龍山寺之觀世音菩薩分靈來到萬華，合資興建龍山寺，初期即有廣大規模，但曾陸續遭遇風災祝融等多次重建整修，漸漸有了現今風貌，坐北朝南的回字型建築是典型的閩南三進四合院，民國七十四年政府公告艋舺龍山寺為國家保護之二級古蹟，與國立故宮博物院、中正紀念堂並列為國際觀光客來臺旅遊的三大名勝。來到龍山寺無論是求功名事業、愛情姻緣、平安如意幾乎都心誠則靈，是來到台北不可錯過的重要景點。進到廟宇就要入盡隨俗，應遵守的禮節習俗必當尊重。沿著桂林路經過地藏王廟和青草街，可以看到沿途很多賣古物的老人，這些人的日常是你想像所及的台北嗎？對他們來說那些灰塵底下可都是寶貝呢，懷舊的歷史不在博物館中而在我們身邊，活生生地穿過時空訴說著自己的故事，走到康定路口可以看到一排修復過後的古蹟建築－剝皮寮，此處是萬華社區發展協會的所在地，呈現了艋舺上百年的發展歷史軌跡，見證了台北城的興衰史。順著康定路，行經超過百年歷史的老松國小，又回到祖師廟與貴陽街，到了吃飯時間，在經過了古蹟巡禮後當然要找一個同等歷久不衰的老味道－阿婆冬粉，從1950年代至今，陪伴萬華人超過五十個年頭了，其實從剛剛沿途許多老店都開了好幾十年，都是很好的選擇，只是恰巧介紹到此，阿婆冬粉在祖師廟後頭，附近的豆花、三味食堂、排骨湯都是相當知名的餐廳。從清朝走到日治時期，這段路程彷彿沿著台灣歷史的脈絡在行走，西本願寺建於1900年，過去正式名稱為「淨土真宗本願寺派臺灣別院」，日治時期為布教司的所在地，戰後此處成做為不同功用，包括警備總部、理教公所等等，並安置許多軍眷，連接著當年的中華商場，衍生了許多違建，到了1975年火災焚毀後棄置於此，到了2006台北市政府將殘存的鐘樓指定為古蹟，並有了重建的遺址的規劃，2011年動工整修，如今是一個廣場公園，是萬華區居民日常休憩的所在。從小我就很喜歡到西門町來，但其實一直都不知道?西門?原來真的有一個門，只是在都市發展的過程中消失了，如今寶成門以不同的方式呈現在眾人面前，就地緣位置來說，西門是當時台北城外的一處街區，從清朝到今天歷久彌新，他仍是台北最年輕的中學生課後最愛去的地方，是台北次文化的聚散地，紅樓是此處的一個象徵，日治時期建成的八角樓1908年所建成的西門市場，戰後轉作劇場作用，因應電影的興起轉型成為西門最早的電影院之一，隨著不同的文化與文學再現過程，紅樓如今成了台灣同志文化的重要符碼，在西門你能看到台北最古老與最年輕的東西在此相遇，在此邂逅的美麗。穿過中華路，我走過了日治時期當然就走到了民國的時代，台北中山堂在1936年落成，前身是台灣第一個會展場所－台北公會堂，1946年蔣中正在此舉行光復一周年的活動，中山堂可說見證了台灣由日治轉移到國民政府的重要場所之一，周圍也是台灣西區早期文藝人士發展的重要基地，包括日日新報舊址等，如今中山堂成了台北文藝活動的重要據點，包括台北電影節等活動都會在此舉行。雪王冰淇淋就在中山堂前孫中山銅像一旁，開業至今超過一甲子，不變的是他扎實的好味道，從我們的父輩還是孩子的時候就已經常來吃雪王冰淇淋，除了看見歷史的轉移也能看到物價的變革，在這些傳統的創新中，不變的是台北人情的味道，而改變的是年輕的創意與實踐，這裡口味眾多，各式各樣鹹甜都有，重新裝潢後保留了當年的桌椅，端坐在二樓吃冰透過窗戶彷彿可以想見五十年前中山堂廣場的人群摩登模樣。四十年前要買書，台北人就會說重慶南路，三十年前要買音響就是延平南路，二十年期說到相機一定是漢口街，在當時這些都是產業群聚的效應，這裡有台北上流知識份子聚集的所在當然也就產生了周邊行業的興盛，如今這些產業漸漸都被取代，但你仍能在此摸索著歷史的樣貌，還有那些仍堅持位老客戶服務的精神。去年忠孝橋引道終於拆除，讓這座隱身在黑暗中的城門重見天日，代表的是一座台北城的重生，如今工程結束，次處的交通被重新規劃，接下來西區發展的規劃才正要開始，從古老的地方總是能發現創新的能量，台北這座城市能有如今的發展絕非是無中生有的，沿著攝影街經過台北郵局走到了成門下方，這裡是新興的台北景點，也是古老的古蹟。我沿著淡水河沿岸的艋舺開始這趟旅行，最後來到大稻埕，太陽西斜著這座城市，大稻埕如今仍是許多批發商的所在地，它的發展和自然現象不脫關聯，隨著上游水庫的興建河岸淤積加速，整個三重從河中堆積出來，艋舺也不再能停靠大船，於是日治時期北部的商業重鎮移到的大稻埕，在這裡台灣的樟腦和茶葉外銷全球，舶來品也在此下船入港，成為台北民眾買進口貨品如藥物或生活器具的地方，如今這些店家仍在街坊中看著時代的更迭，街巷開始出現許多新移民的面孔，而永樂市場的轉型與迪化街的保存成了尚未完成的課題，走到此城隍廟是遊人最愛求取姻緣的地方，說穿了大時代對於常民的日常真的無所謂的，他們只求溫飽平安一家幸福，但正是因為他們尋常的日子才成就了台北這座城市。沿著塔城街轉到民生西路，傍晚還沒六點寧夏夜市的攤販已經各就各位，這裡的生成其實和建成圓環拖不了關係，原先裏頭許多店家因為改建移到了外頭來，這些後火車站的美食可是台北老饕都知道的地方，寧夏也是也成了第一個響應環保不用免洗餐具的夜市，在這裡享受台北庶民美食當作今日晚餐的結尾，不只實惠更是美味阿。
""
""
"初秋的清晨不甚炎熱，做個簡單的三明治，拿出昨日切好的水果和牛奶，走，一起到我的秘密基地吃早餐沒想到吧，不用跋山涉水，下了捷運大湖公園站，走個十分鐘不到在城市裡也能輕輕鬆鬆享受一頓在草原與河畔旁的野餐不用入場費，卻有無價的自然陽光,清涼溪水,遼闊草地，就是要最愛的人、最好的朋友一起徜徉其中！在親水公園走走晃晃躺在草皮上曬曬太陽聊聊天一下子就把早餐消化完了午餐時間，只有一個目的地，但行程卻不只有用餐。賣個關子，先出發吧！繼續搭上文湖線捷運，到中山國中站，悠閒地轉搭公車到""第二果菜市場""一個轉彎，就到結合魚市、超市、餐廳...你沒有想過的空間進到上引水產，首先是活跳跳的生猛海鮮區，各式各樣的海鮮就在這裡，秋天就來這裡「賞蟹」吧(看到一池又一池比人臉大上好幾倍的鱈場蟹，傻眼到忘記拍照啦！)雖然沒有購買豪華生鮮的預算，也沒有到一旁高級餐廳區吃飯的計畫，不過走走逛逛window shopping，也夠讓人嘖嘖驚嘆了。屬於我們的小確幸，是以下的版本~走到一旁的超市區，推著小推車，來來回回走了好幾趟，終於挑選好了一大盒綜合生魚片壽司、滿滿炸蝦飯、幾罐啤酒、雞蛋造型日式布丁，結完帳後馬上到戶外的立食區，站著大快朵頤！「好像真的像住在日本一樣欸~」重點不是住在哪裡，是和你一起，享受這樣的樂趣。吃完午餐，用走路當飯後運動，大約15分鐘的步行距離，我們散步到行天宮站，接著搭捷運來到東區下榻的飯店。稍作休息後，到周邊的百貨、攤販走走看看，但逛街其實只是為了消耗熱量，因為真正壓軸的在這裡↓↓先來個前情提要~雖然也是餐廳，但如同上一站，目的地只有一個，卻不只是用餐而已！不用為了行程的豐富而一直跑不同的景點，省去奔波的緊湊感每一站都能有很多的體驗，也是這趟旅行的小巧思喔進入正題，登場的是為男朋友精心挑選的主題餐酒館─bunker1942，二戰主題的裝潢、電影海報 ，濃濃主題風格是第一個吸引目光之處；再來是各種別緻又廣受好評的調酒，實在難以挑選；以及份量十足的漢堡薯條，兼具美式風格的豪邁與美味。(薯條的特調沾醬超好吃，我直嚷著可以跟餐廳買一罐回家配飯嗎)最最特別的是...這是首家結合射擊運動的酒吧！店內有特製靶場、許多二戰戰場上出現過的槍種，生存遊戲現場就在這家酒吧裡。我們特地在傍晚時分剛營業時就來到店裡，雖然酒吧越夜越美麗，但這就是我的小撇步，只有我們一組客人，可以盡情地""玩樂""，來一場帥氣的打靶體驗、盡情拍照，甚至牆上的每張原文電影海報都變成話題聊過一輪...玩夠了，再開始享用美食剛好---調酒的後勁有點兒強，離開餐廳走在回飯店的路上，手牽著手，秋天晚上的風微涼，吹在紅撲撲的臉上，更有種茫茫的感覺，很適合作為今天旅行的句點，幸福的感覺就是這樣吧。"
中正紀念堂是一座為紀念已故前中華民國總統蔣中正而興建的建築地址： 台北市中正區中山南路21號紀念堂開放時間：09：00 – 18：00（星期一不休館）紀念公園開放時間：05：00 – 00：00電話： 02 2343 1100門票費用：免費參觀交通方式：捷運松山線/淡水線「中正紀念堂站」5號出口3月的天氣不穩定，陰雨綿綿，一日小旅行起點從這邊開始~~在捷運中正紀念堂站下車，從5號出口出站，在走一小段路，就會看到。台灣最高的摩天大樓，曾於2004年12月31日至2010年1月4日間，擁有世界第一高樓的紀錄，但目前有金氏世界紀錄最快速恆壓電梯直上89樓觀景台，電梯以每分鐘1010公尺的速度，於5樓搭乘僅需37秒，即可達89樓觀景台。地址： 台北市信義區信義路五段7號觀景台開放時間：周一至週日09：00 – 22：00 最後購票時間21：45電話：02 8101 8898購票處與入口：台北101購物中心5F門票費用：$600交通方式：捷運信義線「台北101站／世貿站」4號出口或板南線「市政府站」2號出口步行約10分鐘來到台北沒有走訪101就等同於沒有來過台北，大多數的人都是逛101的購物中心或是上89樓的觀景台，但這次我們不是逛購物中心也不是要上觀景台，而是........私藏的秘密景點。國立國父紀念館是為紀念中華民國國父孫中山先生百年誕辰而興建的綜合性文化設施，兼具博物館、表演廳內涵，舉辦學術文教藝術活動，提供涵養文化藝術、吸收新知及旅遊休憩的全方位文化藝術中心。地址： 臺北市信義區仁愛路四段505號開放時間：09：00 – 18：00（星期一不休館）電話：02 2758 8008門票費用：免費參觀交通方式：捷運板南線「國父紀念館站」4號出口松山文創園區，不只在信義商圈中提供新的活動展演空間，也是提供讓民眾可以放鬆舒壓、體驗慢活的好場所。地址： 台北市信義區光復南路133號開放時間：09：00 – 18：00電話：02 2765 1388門票費用：全園區為免費參觀，不需購票。但園區內各展覽與表演活動，視主辦單位是否售票為準，實際票價依主辦單位而定。交通方式：捷運板南線「國父紀念館站」5號出口，自光復南路右轉菸廠路，步行約500M士林夜市是台北市內最大、亦是全台打卡次數最高的夜市地標，也是外國觀光客最常去的夜市。夜市內有很多美食，雞排、珍珠奶茶、木瓜牛奶、胡椒餅、蚵仔煎、臭豆腐、生炒花枝...等，除了吃的當然也有服飾店、藥妝店、遊戲攤位...。交通方式：捷運淡水線「劍潭站」1號出口注意事項：千萬別搭到捷運士林站阿~不然要走很遠!!
台北府城西門貫穿著工商重要樞紐，還記得在周六曾在旁邊的台北郵局寄信，不知還有多少人像我一樣，曾帶著一線希望等待人生夢想的實現。這裡從古代跨越繁華到現代，究竟是照片或投影才能了解時代的表達?
""
一早先來華山文創園區,在忠孝新生一號出口步行約10分鐘就可以看到了~相信這裡大家一定不陌生,這裡不定期會舉辦一些展覽適合老老少少一同前來喜歡文青風格的你千萬不能錯過這裡~~文創園區逛完拍完也餓了吧~推薦大家一間非常有個性的漢堡吃完就逛逛吧~來到台北最熱鬧的中心-信義區,不用怕沒東西逛~只怕你逛不完逛不夠!!喜歡龍貓,無臉男的朋友!!市集出來走到對街的ALL4FUN地下一樓就可以到囉一比一的模型,各式各樣的周邊商品,趕快來呦!!歸還站就在101附近喔!!來台北除了搭捷運,沒騎過YouBike不要說你來過台北,節能減碳從你我開始做起!沿著莊敬路走就可以到四四南村了!四四南村也是一個文創園區~很有眷村的味道眷村跟後方的台北101形成強大的對比吧~~晚餐我們選擇附近一家義式料理店-提諾披薩(莊敬門市)除了專賣比薩還有炸物拼盤與沙拉而批薩分成三種，有基本的拿坡里比薩,佛卡夏(有點橢圓形的)和甜在星三種手工拿波里披薩皮薄餡多,很多網友也推薦吃完晚餐散個步吧~~準備出發象山囉~從提諾披薩走大概15分鐘會到象山捷運出口站沿途還會經過101旁的地標哦~千萬不能錯過台北盆地是大屯山火山地形屬於休火山,有很多天然溫泉可以來泡溫泉解放一天的疲勞看完夜景準備回飯店囉說道台北就不能錯過北投溫泉拉~~我們住的是北投的熱海溫泉大飯店從象山站一直搭到北投站再轉新北投支線出站後走15-20分鐘沿著北投公園的坡道散步就能到飯店了我們選的房間是走工業風跟一般的飯店不太一樣,東西都走復古風,連電話都是可以轉圈圈的那種~
台北植物園裡頭藏了個超大荷花池，建議從南海路上建中正對面的入口進來可較快抵達今天出門前就下著小雨！猶豫了一下還是出門了，唯一後悔的是沒穿長褲，因為小黑蚊實在惱人，建議要來的朋友們記得著長褲或攜帶防蚊液才是上策老闆小明從頂溪站的叉子，就是一個候餐至少一小時起跳的店，除了料多實在，味道鮮美，小明堅持現點現煮，從煸料開始，直到奶油醬青醬紅醬，因此儘管大家等的唉唉叫，開吃時仍然心滿意足–這一路從叉子，變成好康九九，現在的有春–提早在19:00營業前20分抵達，門口已經大排長龍，拿到的號碼牌到入座已經21:00
台北人很喜歡吃早午餐，以前還在唸書大家週末是約吃美式早午餐，份量豐富，一大盤有培根有蛋有薯餅有沙拉有果汁和牛奶；現在老了吃的養生簡單但很有質感，最主要是沒有太油膩的負擔！紐約女王名不虛傳，拍起來很簡單，吃起來層次感卻很棒，好喜歡說到東區的踏青景點，怎麼能錯過象山呢？天氣晴朗的時候可以眺望101和台北盆地，就算是傍晚或晚上來也都別有一番風味，爬上來大概40分鐘就能看見這美景，不來嗎？少女心爆炸的創意茶室餐館，有賣韓式拌飯和香蕉鬆餅。一踏進門感覺像來到英國、坐下來翻開菜單像來到韓國，厚鬆餅上桌像來到日本，酷斃了！
新北投捷運站一旁就是今年四月剛回家的「新北投火車站」，雖然不全然跟一百年前的火車站一模模一樣樣，當時也造成在地不小的反彈（有八卦！），但終究是個日治風格建築的老火車站（現在哪裡看得到這麼美的車站呢？），內部也呈列了許多北投的相關故事，是個北投人應該去晃晃的地方！同樣是日治時期留下來的建築，溫博館可是「和洋」混和風格，外觀看似歐洲城堡，但是內部空間裝潢卻是榻榻米，還有很多細部的建築工法就不是我可以說明的XD。一定要跟大家說一下我的最愛，從這個角度，能看見在一樓的地方有半圓形的彩繪玻璃吧！從建築內部透著光看，那簡直美呆了！聽說過去彩繪玻璃的光影就映照在大眾池的水面上，讓泡湯的人可以享受這樣風雅的設計，真的是不得不佩服建築師啊～地熱谷以前叫地獄谷，觀光化之後把這個恐怖的名字改掉了哈哈。地熱谷的介紹網路太多了，這邊想提到園區裡面的一間小店－地熱谷小舖。這是間商品豐富的小店，冰棒、飲料、文創紀念商品、明信片等等應有盡有（北投人要買有北投標誌的小東西去那裏就對了！）。有別於一般的紀念品店，我覺得這間店特別令人感到平靜，或許正是因為他是間庇護工場，更能感受到大家都默默很努力在工作呢～（店員多數來自三軍總醫院北投分院，那間醫院是一把青拍攝的場景之一喔！）走了一整天，需要一間安靜涼快的店休息一下啊，但是北投到處都是觀光客怎麼辦呢？只好介紹大家來這「蓮花素食館」坐坐囉～蓮花素食館的門面很像在日本會看到的家庭餐廳，但是有些舊舊的，說實話我第一次來也是因為不想等旁邊的拉麵，也不想花太多錢在吃食上所以選擇此處（地熱谷再往上走，平中價位的餐廳只有三家：蓮花素食館、滿客屋拉麵、來北投泡咖啡，各有特色，都很好吃！）。但是還好有進來，因為很少特意去找北投的素食餐廳，沒想到還蠻好吃的，菜色簡單但豐富，可以吃很飽～（聽說最有名的是素餃子，大家有機會可以嘗試）吃超飽，到旁邊的普濟寺散步消消食吧！普濟寺供奉的「湯守觀音」，可說是台灣文創界的元老，當初被日本商人請來當溫泉的守護神，「湯」在日文當中是指熱水、溫泉的意思。這座寺廟完全就是日本神社的建築風格，以檜木及福杉建造、卡榫式的設計，還有「鬼瓦」，現在都還能欣賞到窗花及屋簷上的裝飾喔！素雅的普濟寺可是市定三級古蹟！走到這邊也大概半天了，慵懶的北投人決定回世界最美的圖書－北投圖書館享受浸泡在書本當中的輕鬆愜意，我們下次見！
大武崙情人湖與老鷹岩/這兩處就位於同一個目的地，基隆大武崙情人湖公園內；情人湖位在公園處入口不遠處，約徒步走10分鐘會先抵達湖泊，往上沿著小山坡再走 10 分鐘就會抵達老鷹岩，沿路路途步道算是非常完整，坡度相當緩，還規劃了許多野餐區域，整個區域設計得非常完整，維護得也相當乾淨舒適，外加沿路爬坡四周林木濃密，走起步道來還算是涼爽，外加情人湖的大型湖面，還真是可以形容是森林浴呢。在老鷹岩時從上而下看到的海灘，二話不說下了山之後，我們就直衝這裡了～就如同我之前分享，我覺得台灣的海與沖繩的海，美麗的地方不同，如果說沖繩是清澈清爽的藍色系，那台灣的海則是對比度十足，有著比較明顯的岸邊綠色系與遠處的藍色對比著，顏色相對立體，重點是還有海鮮蛤蠣湯的味道，讓人看海看久了，都飢餓了起來，趕緊上網刷這附近有啥好吃的，哈哈。這個車站原本已經於 1989 停止服務，是到去年 2016年12月28日才重新啟用，啟動之後就成為了新北市瑞芳區深澳線終點站，原本是前一站的海科館是最後一站，並且於啟用之後有了「北台灣多良車站」美麗的外號。我覺得台灣許多鐵道相當美麗就在於四周被海景圍繞，不管是不是前來搭乘火車，光是來到車站，就已經讓人心跟著火車一同旅行般，暢行。這間咖啡就位在可以遠眺九份看海的臨海面，特別的是咖啡是自家烘焙手沖外，義大利麵料理是現點現煮，不是使用調理包，現在要在海邊或者景觀地區找到這種親自料理已經少見，而且口感非常棒，這次點的番茄海鮮義大利麵，基底可以吃的到濃郁大量番茄熬煮的湯頭，外加將米粒與上方灑下的些許香料均勻攪拌後，配上新鮮海鮮配料，口感自然鮮甜，相當滿足!如果來到基隆看海想休息喝杯咖啡，非常推薦這個小據點哦!那天從傍晚四點多就坐在海岸邊，欣賞海景日落的同時，順便等待天色稍暗點，因為，我想玩仙女棒哈哈。然後，邊等待黃昏時，邊跟沖繩男孩聊天，聊著聊著我說:「今天一整天都是無料行程耶!帶我出來出門玩～好像挺省錢的哦，哈哈。」只不過講是這樣講，雖然是無料，但還挺喜歡這種旅行方式，不只荷包沒有負擔，心裡也因為這片海阿山啊，格外的感覺舒暢。怎麼辦?! 現在 32 歲已經有 52歲的心情與口吻了，哦不不不～
由台北車站出發搭捷運去到松山機場站，再走15分鐘就到喇。不過要注意一下，由松山機場走進民生社區這段路只有樹蔭幫手遮太陽，視太陽伯伯為敵的朋友一定要帶傘出動。來到富錦街，當然要去被譽為「全日本最好吃」的九州鬆餅打卡啦！平日的午餐時段，一班OL都會衝過來食lunch；下午就換了一班年輕太太和學生來食下午茶，所以如果不想等位等到2046的話，可以先打電話預約，或者早一點過來排隊。小妹為了避開繁忙時間，所以早上11點幾就出動。一來到就有位子，超幸運！一坐下，侍應姐姐就送上menu，又提醒用餐時間只有90分鐘（暗示大家不要花太多時間去挑東西啦）。
美好的行程就從早午餐開始吧！中山區是許多美食小店的一級戰區舉凡文青咖啡、工業風餐館或是濃厚台灣味的小吃一直以來都是我尋覓美食的好去處這次特地來公雞咖啡踩點小小的店家座位不多，復古的風格洋溢著文青感最有特色的莫過於它每一張椅子都不同，復古皮沙發、舊式木藤椅陽光從木框窗照射進來，讓整家店格外溫暖黃金博物館是之前就一直想去的景點(自由年代中毒太深大多數的人去九份不外乎就是老街如果對人擠人的老街感到厭倦其實黃金博物館也是很好的景點近來IG打卡夯到炸裂的景點但要拍到這張照片是相當險峻的你必須跨越重重的岩石抵抗呼嘯的海風同時天時地利人和所有遊客都剛好離開這隻可愛的大象才能拍到這樣的珍貴照片啊啊啊這邊也必須提醒大家當天看到相當多遊客站在大象頭頂上拍照那塊區域旁邊沒有任何遮蔽物及安全措施在海風狂吹的情況下我真的好為站在上面的遊客捏把冷汗啊真的要請大家務必以安全為前提，遠觀就好啊~這裡真的太太太太太~~~~美了！感謝老天給我們這樣好的藍天與大海半山半海的景色，真的讓人震攝不能言語！往十三行遺址的方向駛去就可以看到長仁社區，一處相當隱密又安靜的世外桃源從司令台(?)旁的階梯爬上去，就可以看到這樣令人心曠神怡的景色來的時候只有看到一組遊客，不知道是夏天比較熱，還是知道這裡的人還不多總之很推薦給大家，是可以一覽瑞芳、陰陽海的超棒秘境身為重度鮭魚控的我，終於要來這間大名鼎鼎的?腳朝聖啦！?腳日本料理在台北以高CP值著稱不到300大洋就可以品嘗新鮮厚切的鮭魚生魚片及料滿到看不見飯的鮭魚親子丼飯各位客倌~~你說說你說說，老闆還要不要賺錢哪!!吃完滿足的一餐，就以浪漫的夜景作為美好ending吧！位在內湖的碧山巖是台北數一數二賞夜景的好地方遼闊的廣場、開放的停車場、不需耗費太多體力就可以輕鬆爬上山這樣的優點吸引很多情侶和夫妻前來景色涵蓋整個台北市地區雖然不是最高的制高點，但因為幾乎沒有遮蔽物，可以清楚眺望美麗的夜景如果想一覽台北的絕美夜色，相當推薦你來這裡哦！
第一站來到了逸仙公園中的國父史蹟館，國父史蹟館是日治時期的建物，在日治時期是知名餐廳梅屋敷，是孫逸仙於1913年來台時下榻的料亭。該料亭亦為當年台灣總督佐久間左馬太與孫逸仙會談政情的場所，深具歷史意義。雖然國父史蹟館位座於市中心通繁忙之地，但其附屬庭園相當幽靜，適合在此小歇一下，為接下來的行程做準備。第二站走到了也位於台北車站附近的國立台灣博物館，台灣博物館的建築外觀相當雄偉，內部的中央大廳採圓頂設計，上有彩繪玻璃花窗，四周則有華麗的柱飾及燈飾，其絢麗程度可與羅浮宮比擬。且台博館不定時會舉辦有關台灣歷史及地理的展覽，更可以讓外國友人對台灣的認識更上一層樓。位在衡陽街與懷寧街交叉口的公園號酸梅湯，陪伴著許多莘莘學子長大，其特別的情感加上酸酸甜甜的滋味，簡直是青春求學歲月的代表回憶。帶著你的外國朋友體驗看看台灣獨有的酸梅湯吧!!手中拿著酸梅湯，讓我們繼續向前前進吧這一個經典是台灣的總通府，其偉峨的外觀，使行人不自爹放慢了腳步來欣賞這一棟建築。在每個星期日下午還可以進入府內參觀，想必會讓外國人留下深刻的印象!!最後一個景點來到集文創、歷史、美食等特色於一體的迪化街歷史商圈，可以帶著你的外國朋友來到商圈中的文創小店，挑選有紀念價值與回憶的紀念品﹑品嘗藏於小巷中的美食，等待你們來發掘來到台灣沒有逛夜市就不算來過台灣!!而北台灣最有代表性的夜市就是士林夜市，其中各式的美食、小吃多到數不清，可說是吃貨的人間天堂!!其中我最推薦的就是蚵仔煎，料多 味美 用料佳，誰能抵抗這等誘惑呢吃飽喝足後，就結束了與外國朋友美好的一天，下次再見!
